Time,Spin,Type,Duration,Actual Duration,Water Hardness,Load Weight,Temperature,Accelerometer,Noise,Humidity,Temperature,Pressure,,,,,,,,,,,,,,,,,,dB,
2/19/2022 12:17,Spin 1,Wash,47,59,9,1.5,30,4260,90.79602278,19,22.34,96503,,,,,,,,,,,,,,,,,,90.79602278,22.34
2/19/2022 12:17,Spin 1,Wash,47,59,9,1.5,30,4246,89.84801023,19,22.34,96503,,,,,,,,,,,,,,,,,,89.84801023,22.34
2/19/2022 12:18,Spin 1,Wash,47,59,9,1.5,30,4217,91.43090797,19,22.32,96497,,,,,,,,,,,,,,,,,,91.43090797,22.32
2/19/2022 12:18,Spin 1,Wash,47,59,9,1.5,30,4249,90.89359594,19,22.31,96508,,,,,,,,,,,,,,,,,,90.89359594,22.31
2/19/2022 12:19,Spin 1,Wash,47,59,9,1.5,30,4243,88.90346934,19,22.3,96503,,,,,,,,,,,,,,,,,,88.90346934,22.3
2/19/2022 12:19,Spin 1,Wash,47,59,9,1.5,30,4237,90.86537112,19,22.29,96502,,,,,,,,,,,,,,,,,,90.86537112,22.29
2/19/2022 12:20,Spin 1,Wash,47,59,9,1.5,30,4265,91.04321462,19,22.29,96495,,,,,,,,,,,,,,,,,,91.04321462,22.29
2/19/2022 12:20,Spin 1,Wash,47,59,9,1.5,30,4234,79.86731287,19,22.28,96503,,,,,,,,,,,,,,,,,,79.86731287,22.28
2/19/2022 12:21,Spin 1,Wash,47,59,9,1.5,30,4258,75.50620375,19,22.26,96512,,,,,,,,,,,,,,,,,,75.50620375,22.26
2/19/2022 12:21,Spin 1,Wash,47,59,9,1.5,30,4268,90.70369127,19,22.27,96503,,,,,,,,,,,,,,,,,,90.70369127,22.27
2/19/2022 12:22,Spin 1,Wash,47,59,9,1.5,30,4052,87.11326306,19,22.27,96509,,,,,,,,,,,,,,,,,,87.11326306,22.27
2/19/2022 12:22,Spin 1,Wash,47,59,9,1.5,30,4238,69.85807351,19,22.26,96510,,,,,,,,,,,,,,,,,,69.85807351,22.26
2/19/2022 12:23,Spin 1,Wash,47,59,9,1.5,30,4262,70.35014493,19,22.25,96511,,,,,,,,,,,,,,,,,,70.35014493,22.25
2/19/2022 12:23,Spin 1,Wash,47,59,9,1.5,30,4263,69.15051697,19,22.26,96514,,,,,,,,,,,,,,,,,,69.15051697,22.26
2/19/2022 12:24,Spin 1,Wash,47,59,9,1.5,30,4251,75.83476224,19,22.26,96505,,,,,,,,,,,,,,,,,,75.83476224,22.26
2/19/2022 12:24,Spin 1,Wash,47,59,9,1.5,30,4222,74.73356994,19,22.28,96508,,,,,,,,,,,,,,,,,,74.73356994,22.28
2/19/2022 12:25,Spin 1,Wash,47,59,9,1.5,30,4302,93.84902452,19,22.31,96508,,,,,,,,,,,,,,,,,,93.84902452,22.31
2/19/2022 12:25,Spin 1,Wash,47,59,9,1.5,30,4488,87.76920928,19,22.32,96514,,,,,,,,,,,,,,,,,,87.76920928,22.32
2/19/2022 12:26,Spin 1,Wash,47,59,9,1.5,30,4280,71.29621357,19,22.34,96514,,,,,,,,,,,,,,,,,,71.29621357,22.34
2/19/2022 12:26,Spin 1,Wash,47,59,9,1.5,30,4254,69.84155783,19,22.37,96503,,,,,,,,,,,,,,,,,,69.84155783,22.37
2/19/2022 12:27,Spin 1,Wash,47,59,9,1.5,30,4291,71.30568024,19,22.39,96508,,,,,,,,,,,,,,,,,,71.30568024,22.39
2/19/2022 12:27,Spin 1,Wash,47,59,9,1.5,30,4239,69.43226693,19,22.44,96513,,,,,,,,,,,,,,,,,,69.43226693,22.44
2/19/2022 12:28,Spin 1,Wash,47,59,9,1.5,30,4209,86.24838768,19,22.48,96506,,,,,,,,,,,,,,,,,,86.24838768,22.48
2/19/2022 12:28,Spin 1,Wash,47,59,9,1.5,30,3633,93.07862854,19,22.53,96504,,,,,,,,,,,,,,,,,,93.07862854,22.53
2/19/2022 12:29,Spin 1,Wash,47,59,9,1.5,30,4306,87.79108429,19,22.59,96506,,,,,,,,,,,,,,,,,,87.79108429,22.59
2/19/2022 12:29,Spin 1,Wash,47,59,9,1.5,30,4271,81.32125732,19,22.66,96509,,,,,,,,,,,,,,,,,,81.32125732,22.66
2/19/2022 12:30,Spin 1,Wash,47,59,9,1.5,30,4285,79.51940202,19,22.72,96508,,,,,,,,,,,,,,,,,,79.51940202,22.72
2/19/2022 12:30,Spin 1,Wash,47,59,9,1.5,30,4265,79.92095034,19,22.79,96509,,,,,,,,,,,,,,,,,,79.92095034,22.79
2/19/2022 12:31,Spin 1,Wash,47,59,9,1.5,30,4270,74.79326831,19,22.88,96505,,,,,,,,,,,,,,,,,,74.79326831,22.88
2/19/2022 12:31,Spin 1,Wash,47,59,9,1.5,30,4229,81.5112799,19,22.95,96508,,,,,,,,,,,,,,,,,,81.5112799,22.95
2/19/2022 12:32,Spin 1,Wash,47,59,9,1.5,30,4412,93.75183045,19,23.03,96502,,,,,,,,,,,,,,,,,,93.75183045,23.03
2/19/2022 12:32,Spin 1,Wash,47,59,9,1.5,30,4199,87.44835603,19,23.1,96504,,,,,,,,,,,,,,,,,,87.44835603,23.1
2/19/2022 12:33,Spin 1,Wash,47,59,9,1.5,30,4254,73.36632291,19,23.18,96495,,,,,,,,,,,,,,,,,,73.36632291,23.18
2/19/2022 12:33,Spin 1,Wash,47,59,9,1.5,30,4239,72.85685833,19,23.27,96500,,,,,,,,,,,,,,,,,,72.85685833,23.27
2/19/2022 12:34,Spin 1,Wash,47,59,9,1.5,30,4251,72.21672722,19,23.35,96493,,,,,,,,,,,,,,,,,,72.21672722,23.35
2/19/2022 12:34,Spin 1,Wash,47,59,9,1.5,30,4251,72.50033631,19,23.43,96494,,,,,,,,,,,,,,,,,,72.50033631,23.43
2/19/2022 12:35,Spin 1,Wash,47,59,9,1.5,30,4259,93.54636108,19,23.52,96490,,,,,,,,,,,,,,,,,,93.54636108,23.52
2/19/2022 12:35,Spin 1,Wash,47,59,9,1.5,30,4201,90.05247331,18,23.59,96500,,,,,,,,,,,,,,,,,,90.05247331,23.59
2/19/2022 12:36,Spin 1,Wash,47,59,9,1.5,30,4320,73.19237496,18,23.67,96495,,,,,,,,,,,,,,,,,,73.19237496,23.67
2/19/2022 12:36,Spin 1,Wash,47,59,9,1.5,30,4247,74.95225511,18,23.75,96498,,,,,,,,,,,,,,,,,,74.95225511,23.75
2/19/2022 12:37,Spin 1,Wash,47,59,9,1.5,30,4246,73.7502013,18,23.81,96499,,,,,,,,,,,,,,,,,,73.7502013,23.81
2/19/2022 12:37,Spin 1,Wash,47,59,9,1.5,30,4246,74.63586029,18,23.9,96499,,,,,,,,,,,,,,,,,,74.63586029,23.9
2/19/2022 12:38,Spin 1,Wash,47,59,9,1.5,30,4242,72.52361884,18,23.98,96500,,,,,,,,,,,,,,,,,,72.52361884,23.98
2/19/2022 12:38,Spin 1,Wash,47,59,9,1.5,30,4190,88.46597878,18,24.05,96496,,,,,,,,,,,,,,,,,,88.46597878,24.05
2/19/2022 12:39,Spin 1,Wash,47,59,9,1.5,30,4314,90.2121494,18,24.11,96494,,,,,,,,,,,,,,,,,,90.2121494,24.11
2/19/2022 12:39,Spin 1,Wash,47,59,9,1.5,30,4226,71.46800346,18,24.16,96505,,,,,,,,,,,,,,,,,,71.46800346,24.16
2/19/2022 12:40,Spin 1,Wash,47,59,9,1.5,30,4256,73.77170979,18,24.22,96502,,,,,,,,,,,,,,,,,,73.77170979,24.22
2/19/2022 12:40,Spin 1,Wash,47,59,9,1.5,30,4227,71.57369016,18,24.27,96501,,,,,,,,,,,,,,,,,,71.57369016,24.27
2/19/2022 12:41,Spin 1,Wash,47,59,9,1.5,30,4211,70.66798532,18,24.33,96496,,,,,,,,,,,,,,,,,,70.66798532,24.33
2/19/2022 12:41,Spin 1,Wash,47,59,9,1.5,30,4151,89.78655717,18,24.37,96499,,,,,,,,,,,,,,,,,,89.78655717,24.37
2/19/2022 12:42,Spin 1,Wash,47,59,9,1.5,30,4275,70.815957,18,24.43,96503,,,,,,,,,,,,,,,,,,70.815957,24.43
2/19/2022 12:42,Spin 1,Wash,47,59,9,1.5,30,4269,70.45198862,18,24.49,96495,,,,,,,,,,,,,,,,,,70.45198862,24.49
2/19/2022 12:43,Spin 1,Wash,47,59,9,1.5,30,4298,86.12490883,18,24.53,96494,,,,,,,,,,,,,,,,,,86.12490883,24.53
2/19/2022 12:43,Spin 1,Wash,47,59,9,1.5,30,4210,86.90686785,18,24.58,96491,,,,,,,,,,,,,,,,,,86.90686785,24.58
2/19/2022 12:44,Spin 1,Wash,47,59,9,1.5,30,4289,91.646738,18,24.62,96492,,,,,,,,,,,,,,,,,,91.646738,24.62
2/19/2022 12:44,Spin 1,Wash,47,59,9,1.5,30,4257,89.56881849,17,24.66,96499,,,,,,,,,,,,,,,,,,89.56881849,24.66
2/19/2022 12:45,Spin 1,Wash,47,59,9,1.5,30,4275,90.45087011,17,24.7,96500,,,,,,,,,,,,,,,,,,90.45087011,24.7
2/19/2022 12:45,Spin 1,Wash,47,59,9,1.5,30,4241,90.38737706,17,24.73,96495,,,,,,,,,,,,,,,,,,90.38737706,24.73
2/19/2022 12:46,Spin 1,Wash,47,59,9,1.5,30,4385,92.5920421,17,24.77,96494,,,,,,,,,,,,,,,,,,92.5920421,24.77
2/19/2022 12:46,Spin 1,Wash,47,59,9,1.5,30,4281,89.09933606,17,24.78,96502,,,,,,,,,,,,,,,,,,89.09933606,24.78
2/19/2022 12:47,Spin 1,Wash,47,59,9,1.5,30,4262,71.53127518,17,24.79,96503,,,,,,,,,,,,,,,,,,71.53127518,24.79
2/19/2022 12:47,Spin 1,Wash,47,59,9,1.5,30,4267,71.32453587,17,24.8,96497,,,,,,,,,,,,,,,,,,71.32453587,24.8
2/19/2022 12:48,Spin 1,Wash,47,59,9,1.5,30,4358,91.48984678,17,24.81,96507,,,,,,,,,,,,,,,,,,91.48984678,24.81
2/19/2022 12:48,Spin 1,Wash,47,59,9,1.5,30,4257,80.4450714,17,24.8,96502,,,,,,,,,,,,,,,,,,80.4450714,24.8
2/19/2022 12:49,Spin 1,Wash,47,59,9,1.5,30,4283,86.45652253,17,24.78,96503,,,,,,,,,,,,,,,,,,86.45652253,24.78
2/19/2022 12:49,Spin 1,Wash,47,59,9,1.5,30,4423,91.44877383,17,24.75,96499,,,,,,,,,,,,,,,,,,91.44877383,24.75
2/19/2022 12:50,Spin 1,Wash,47,59,9,1.5,30,4262,90.7544465,17,24.72,96500,,,,,,,,,,,,,,,,,,90.7544465,24.72
2/19/2022 12:50,Spin 1,Wash,47,59,9,1.5,30,4268,88.70220975,17,24.69,96501,,,,,,,,,,,,,,,,,,88.70220975,24.69
2/19/2022 12:51,Spin 1,Wash,47,59,9,1.5,30,4258,91.09944359,17,24.67,96499,,,,,,,,,,,,,,,,,,91.09944359,24.67
2/19/2022 12:51,Spin 1,Wash,47,59,9,1.5,30,4239,91.28181535,17,24.63,96496,,,,,,,,,,,,,,,,,,91.28181535,24.63
2/19/2022 12:52,Spin 1,Wash,47,59,9,1.5,30,4211,91.11764878,17,24.6,96501,,,,,,,,,,,,,,,,,,91.11764878,24.6
2/19/2022 12:52,Spin 1,Wash,47,59,9,1.5,30,4289,91.75274597,17,24.58,96502,,,,,,,,,,,,,,,,,,91.75274597,24.58
2/19/2022 12:53,Spin 1,Wash,47,59,9,1.5,30,4216,88.71235009,17,24.54,96499,,,,,,,,,,,,,,,,,,88.71235009,24.54
2/19/2022 12:53,Spin 1,Wash,47,59,9,1.5,30,4287,79.66456824,17,24.49,96498,,,,,,,,,,,,,,,,,,79.66456824,24.49
2/19/2022 12:54,Spin 1,Wash,47,59,9,1.5,30,4212,81.62932547,17,24.46,96495,,,,,,,,,,,,,,,,,,81.62932547,24.46
2/19/2022 12:54,Spin 1,Wash,47,59,9,1.5,30,4259,93.01679935,17,24.43,96493,,,,,,,,,,,,,,,,,,93.01679935,24.43
2/19/2022 12:55,Spin 1,Wash,47,59,9,1.5,30,4244,88.22607385,17,24.39,96492,,,,,,,,,,,,,,,,,,88.22607385,24.39
2/19/2022 12:55,Spin 1,Wash,47,59,9,1.5,30,4234,88.72919915,17,24.34,96492,,,,,,,,,,,,,,,,,,88.72919915,24.34
2/19/2022 12:56,Spin 1,Wash,47,59,9,1.5,30,4295,88.786466,17,24.31,96494,,,,,,,,,,,,,,,,,,88.786466,24.31
2/19/2022 12:56,Spin 1,Wash,47,59,9,1.5,30,4314,87.90790307,17,24.26,96491,,,,,,,,,,,,,,,,,,87.90790307,24.26
2/19/2022 12:57,Spin 1,Wash,47,59,9,1.5,30,4267,88.40246218,17,24.24,96492,,,,,,,,,,,,,,,,,,88.40246218,24.24
2/19/2022 12:57,Spin 1,Wash,47,59,9,1.5,30,4211,90.65467147,17,24.2,96491,,,,,,,,,,,,,,,,,,90.65467147,24.2
2/19/2022 12:58,Spin 1,Wash,47,59,9,1.5,30,4190,93.74602077,17,24.15,96492,,,,,,,,,,,,,,,,,,93.74602077,24.15
2/19/2022 12:58,Spin 1,Wash,47,59,9,1.5,30,4188,86.95551372,17,24.12,96488,,,,,,,,,,,,,,,,,,86.95551372,24.12
2/19/2022 12:59,Spin 1,Wash,47,59,9,1.5,30,4224,80.02975176,17,24.08,96481,,,,,,,,,,,,,,,,,,80.02975176,24.08
2/19/2022 12:59,Spin 1,Wash,47,59,9,1.5,30,4252,73.58146294,17,24.07,96487,,,,,,,,,,,,,,,,,,73.58146294,24.07
2/19/2022 13:00,Spin 1,Wash,47,59,9,1.5,30,4217,82.65428217,17,24.03,96485,,,,,,,,,,,,,,,,,,82.65428217,24.03
2/19/2022 13:00,Spin 1,Wash,47,59,9,1.5,30,4242,83.7398342,17,24.01,96488,,,,,,,,,,,,,,,,,,83.7398342,24.01
2/19/2022 13:01,Spin 1,Wash,47,59,9,1.5,30,4331,87.41654181,17,23.99,96490,,,,,,,,,,,,,,,,,,87.41654181,23.99
2/19/2022 13:01,Spin 1,Wash,47,59,9,1.5,30,4297,90.76952556,17,23.97,96488,,,,,,,,,,,,,,,,,,90.76952556,23.97
2/19/2022 13:02,Spin 1,Wash,47,59,9,1.5,30,4247,90.13434337,17,23.96,96483,,,,,,,,,,,,,,,,,,90.13434337,23.96
2/19/2022 13:02,Spin 1,Wash,47,59,9,1.5,30,4242,90.93440527,17,23.94,96482,,,,,,,,,,,,,,,,,,90.93440527,23.94
2/19/2022 13:03,Spin 1,Wash,47,59,9,1.5,30,4039,92.22855165,17,23.91,96483,,,,,,,,,,,,,,,,,,92.22855165,23.91
2/19/2022 13:03,Spin 1,Wash,47,59,9,1.5,30,5113,95.35217781,17,23.91,96484,,,,,,,,,,,,,,,,,,95.35217781,23.91
2/19/2022 13:04,Spin 1,Wash,47,59,9,1.5,30,5129,93.45112794,17,23.89,96484,,,,,,,,,,,,,,,,,,93.45112794,23.89
2/19/2022 13:04,Spin 1,Wash,47,59,9,1.5,30,4309,88.58126307,17,23.89,96479,,,,,,,,,,,,,,,,,,88.58126307,23.89
2/19/2022 13:05,Spin 1,Wash,47,59,9,1.5,30,4230,74.30418078,17,23.88,96479,,,,,,,,,,,,,,,,,,74.30418078,23.88
2/19/2022 13:05,Spin 1,Wash,47,59,9,1.5,30,4285,73.16930525,17,23.88,96475,,,,,,,,,,,,,,,,,,73.16930525,23.88
2/19/2022 13:06,Spin 1,Wash,47,59,9,1.5,30,4245,86.35917719,17,23.86,96480,,,,,,,,,,,,,,,,,,86.35917719,23.86
2/19/2022 13:06,Spin 1,Wash,47,59,9,1.5,30,4348,91.29811149,17,23.85,96479,,,,,,,,,,,,,,,,,,91.29811149,23.85
2/19/2022 13:07,Spin 1,Wash,47,59,9,1.5,30,4252,84.51300154,17,23.83,96482,,,,,,,,,,,,,,,,,,84.51300154,23.83
2/19/2022 13:07,Spin 1,Wash,47,59,9,1.5,30,4244,91.58489564,17,23.81,96477,,,,,,,,,,,,,,,,,,91.58489564,23.81
2/19/2022 13:08,Spin 1,Wash,47,59,9,1.5,30,2768,94.51351952,17,23.81,96479,,,,,,,,,,,,,,,,,,94.51351952,23.81
2/19/2022 13:08,Spin 1,Wash,47,59,9,1.5,30,10424,103.7185463,18,23.71,96478,,,,,,,,,,,,,,,,,,103.7185463,23.71
2/19/2022 13:09,Spin 1,Wash,47,59,9,1.5,30,10092,110.3513917,17,23.58,96470,,,,,,,,,,,,,,,,,,110.3513917,23.58
2/19/2022 13:09,Spin 1,Wash,47,59,9,1.5,30,9365,114.458196,16,23.46,96467,,,,,,,,,,,,,,,,,,114.458196,23.46
2/19/2022 13:10,Spin 1,Wash,47,59,9,1.5,30,11636,112.2637606,16,23.41,96470,,,,,,,,,,,,,,,,,,112.2637606,23.41
2/19/2022 13:10,Spin 1,Wash,47,59,9,1.5,30,10345,112.3952411,16,23.37,96474,,,,,,,,,,,,,,,,,,112.3952411,23.37
2/19/2022 13:11,Spin 1,Wash,47,59,9,1.5,30,11680,112.5183959,16,23.37,96470,,,,,,,,,,,,,,,,,,112.5183959,23.37
2/19/2022 13:11,Spin 1,Wash,47,59,9,1.5,30,8813,111.0885945,16,23.35,96473,,,,,,,,,,,,,,,,,,111.0885945,23.35
2/19/2022 13:12,Spin 1,Wash,47,59,9,1.5,30,7676,108.9852899,16,23.37,96469,,,,,,,,,,,,,,,,,,108.9852899,23.37
2/19/2022 13:12,Spin 1,Wash,47,59,9,1.5,30,4244,91.72256804,17,23.42,96464,,,,,,,,,,,,,,,,,,91.72256804,23.42
2/19/2022 13:13,Spin 1,Wash,47,59,9,1.5,30,4245,71.38296118,17,23.46,96468,,,,,,,,,,,,,,,,,,71.38296118,23.46
2/19/2022 13:13,Spin 1,Wash,47,59,9,1.5,30,4219,70.35014493,17,23.51,96466,,,,,,,,,,,,,,,,,,70.35014493,23.51
2/19/2022 13:14,Spin 1,Wash,47,59,9,1.5,30,4239,71.2985812,17,23.54,96470,,,,,,,,,,,,,,,,,,71.2985812,23.54
2/19/2022 13:14,Spin 1,Wash,47,59,9,1.5,30,4224,84.2888477,17,23.56,96470,,,,,,,,,,,,,,,,,,84.2888477,23.56
2/19/2022 13:15,Spin 1,Wash,47,59,9,1.5,30,4098,91.72689709,17,23.57,96466,,,,,,,,,,,,,,,,,,91.72689709,23.57
2/19/2022 13:15,Spin 1,Wash,47,59,9,1.5,30,4228,78.15858103,17,23.57,96466,,,,,,,,,,,,,,,,,,78.15858103,23.57
2/19/2022 13:29,Spin 2,Wash,67,74,9,2.37,40,4231,90.75490655,18,23.6,96456,,,,,,,,,,,,,,,,,,90.75490655,23.6
2/19/2022 13:29,Spin 2,Wash,67,74,9,2.37,40,4236,90.34716868,18,23.58,96452,,,,,,,,,,,,,,,,,,90.34716868,23.58
2/19/2022 13:30,Spin 2,Wash,67,74,9,2.37,40,4266,90.60572955,18,23.57,96455,,,,,,,,,,,,,,,,,,90.60572955,23.57
2/19/2022 13:30,Spin 2,Wash,67,74,9,2.37,40,4012,93.36676714,18,23.56,96449,,,,,,,,,,,,,,,,,,93.36676714,23.56
2/19/2022 13:31,Spin 2,Wash,67,74,9,2.37,40,4304,72.98707256,18,23.55,96455,,,,,,,,,,,,,,,,,,72.98707256,23.55
2/19/2022 13:31,Spin 2,Wash,67,74,9,2.37,40,4225,86.74871646,18,23.54,96457,,,,,,,,,,,,,,,,,,86.74871646,23.54
2/19/2022 13:32,Spin 2,Wash,67,74,9,2.37,40,4279,86.4386727,18,23.51,96453,,,,,,,,,,,,,,,,,,86.4386727,23.51
2/19/2022 13:32,Spin 2,Wash,67,74,9,2.37,40,4173,84.27228319,18,23.51,96454,,,,,,,,,,,,,,,,,,84.27228319,23.51
2/19/2022 13:33,Spin 2,Wash,67,74,9,2.37,40,4053,86.07642356,18,23.49,96453,,,,,,,,,,,,,,,,,,86.07642356,23.49
2/19/2022 13:33,Spin 2,Wash,67,74,9,2.37,40,4265,71.21252911,18,23.48,96452,,,,,,,,,,,,,,,,,,71.21252911,23.48
2/19/2022 13:34,Spin 2,Wash,67,74,9,2.37,40,4239,72.32833124,18,23.48,96452,,,,,,,,,,,,,,,,,,72.32833124,23.48
2/19/2022 13:34,Spin 2,Wash,67,74,9,2.37,40,4399,93.9484672,18,23.45,96452,,,,,,,,,,,,,,,,,,93.9484672,23.45
2/19/2022 13:35,Spin 2,Wash,67,74,9,2.37,40,4061,87.75900653,18,23.45,96457,,,,,,,,,,,,,,,,,,87.75900653,23.45
2/19/2022 13:35,Spin 2,Wash,67,74,9,2.37,40,4347,90.26528985,18,23.43,96455,,,,,,,,,,,,,,,,,,90.26528985,23.43
2/19/2022 13:36,Spin 2,Wash,67,74,9,2.37,40,4342,86.64652375,18,23.45,96458,,,,,,,,,,,,,,,,,,86.64652375,23.45
2/19/2022 13:36,Spin 2,Wash,67,74,9,2.37,40,4236,81.39013827,18,23.45,96457,,,,,,,,,,,,,,,,,,81.39013827,23.45
2/19/2022 13:37,Spin 2,Wash,67,74,9,2.37,40,4224,72.33575411,18,23.45,96461,,,,,,,,,,,,,,,,,,72.33575411,23.45
2/19/2022 13:37,Spin 2,Wash,67,74,9,2.37,40,4212,83.67938242,18,23.45,96457,,,,,,,,,,,,,,,,,,83.67938242,23.45
2/19/2022 13:38,Spin 2,Wash,67,74,9,2.37,40,4557,92.77561117,18,23.48,96455,,,,,,,,,,,,,,,,,,92.77561117,23.48
2/19/2022 13:38,Spin 2,Wash,67,74,9,2.37,40,4237,86.10335716,18,23.49,96452,,,,,,,,,,,,,,,,,,86.10335716,23.49
2/19/2022 13:39,Spin 2,Wash,67,74,9,2.37,40,4487,87.84142791,18,23.52,96453,,,,,,,,,,,,,,,,,,87.84142791,23.52
2/19/2022 13:39,Spin 2,Wash,67,74,9,2.37,40,4105,88.12610855,18,23.56,96455,,,,,,,,,,,,,,,,,,88.12610855,23.56
2/19/2022 13:40,Spin 2,Wash,67,74,9,2.37,40,4272,70.91014506,18,23.59,96457,,,,,,,,,,,,,,,,,,70.91014506,23.59
2/19/2022 13:40,Spin 2,Wash,67,74,9,2.37,40,4261,72.15114805,18,23.65,96455,,,,,,,,,,,,,,,,,,72.15114805,23.65
2/19/2022 13:41,Spin 2,Wash,67,74,9,2.37,40,4385,90.84602516,18,23.72,96460,,,,,,,,,,,,,,,,,,90.84602516,23.72
2/19/2022 13:41,Spin 2,Wash,67,74,9,2.37,40,4471,91.83365969,18,23.76,96452,,,,,,,,,,,,,,,,,,91.83365969,23.76
2/19/2022 13:42,Spin 2,Wash,67,74,9,2.37,40,4325,85.85388632,18,23.86,96453,,,,,,,,,,,,,,,,,,85.85388632,23.86
2/19/2022 13:42,Spin 2,Wash,67,74,9,2.37,40,4281,88.47573547,18,23.94,96453,,,,,,,,,,,,,,,,,,88.47573547,23.94
2/19/2022 13:43,Spin 2,Wash,67,74,9,2.37,40,4129,85.69779803,18,24.04,96451,,,,,,,,,,,,,,,,,,85.69779803,24.04
2/19/2022 13:43,Spin 2,Wash,67,74,9,2.37,40,4234,70.87375054,18,24.12,96453,,,,,,,,,,,,,,,,,,70.87375054,24.12
2/19/2022 13:44,Spin 2,Wash,67,74,9,2.37,40,4252,72.07459502,18,24.23,96444,,,,,,,,,,,,,,,,,,72.07459502,24.23
2/19/2022 13:44,Spin 2,Wash,67,74,9,2.37,40,4406,93.70602712,18,24.34,96453,,,,,,,,,,,,,,,,,,93.70602712,24.34
2/19/2022 13:45,Spin 2,Wash,67,74,9,2.37,40,3986,92.96182151,18,24.47,96452,,,,,,,,,,,,,,,,,,92.96182151,24.47
2/19/2022 13:45,Spin 2,Wash,67,74,9,2.37,40,4044,88.42297097,18,24.58,96455,,,,,,,,,,,,,,,,,,88.42297097,24.58
2/19/2022 13:46,Spin 2,Wash,67,74,9,2.37,40,4103,90.08007975,18,24.71,96452,,,,,,,,,,,,,,,,,,90.08007975,24.71
2/19/2022 13:46,Spin 2,Wash,67,74,9,2.37,40,4216,84.85889015,18,24.84,96452,,,,,,,,,,,,,,,,,,84.85889015,24.84
2/19/2022 13:47,Spin 2,Wash,67,74,9,2.37,40,4242,70.43469789,18,24.99,96450,,,,,,,,,,,,,,,,,,70.43469789,24.99
2/19/2022 13:47,Spin 2,Wash,67,74,9,2.37,40,4242,75.978122,18,25.13,96448,,,,,,,,,,,,,,,,,,75.978122,25.13
2/19/2022 13:48,Spin 2,Wash,67,74,9,2.37,40,3781,88.24442622,18,25.29,96451,,,,,,,,,,,,,,,,,,88.24442622,25.29
2/19/2022 13:48,Spin 2,Wash,67,74,9,2.37,40,4142,87.86496345,17,25.45,96450,,,,,,,,,,,,,,,,,,87.86496345,25.45
2/19/2022 13:49,Spin 2,Wash,67,74,9,2.37,40,4223,91.46032594,17,25.62,96453,,,,,,,,,,,,,,,,,,91.46032594,25.62
2/19/2022 13:49,Spin 2,Wash,67,74,9,2.37,40,4421,90.7301892,17,25.76,96448,,,,,,,,,,,,,,,,,,90.7301892,25.76
2/19/2022 13:50,Spin 2,Wash,67,74,9,2.37,40,4244,97.31546026,17,25.93,96447,,,,,,,,,,,,,,,,,,97.31546026,25.93
2/19/2022 13:50,Spin 2,Wash,67,74,9,2.37,40,4250,71.93785181,17,26.12,96452,,,,,,,,,,,,,,,,,,71.93785181,26.12
2/19/2022 13:51,Spin 2,Wash,67,74,9,2.37,40,4276,82.60639782,17,26.3,96454,,,,,,,,,,,,,,,,,,82.60639782,26.3
2/19/2022 13:51,Spin 2,Wash,67,74,9,2.37,40,4201,89.28401506,17,26.5,96451,,,,,,,,,,,,,,,,,,89.28401506,26.5
2/19/2022 13:52,Spin 2,Wash,67,74,9,2.37,40,4487,85.51981623,17,26.7,96445,,,,,,,,,,,,,,,,,,85.51981623,26.7
2/19/2022 13:52,Spin 2,Wash,67,74,9,2.37,40,4536,87.22231373,17,26.92,96451,,,,,,,,,,,,,,,,,,87.22231373,26.92
2/19/2022 13:53,Spin 2,Wash,67,74,9,2.37,40,4312,81.66229218,17,27.12,96446,,,,,,,,,,,,,,,,,,81.66229218,27.12
2/19/2022 13:53,Spin 2,Wash,67,74,9,2.37,40,4267,84.60007276,16,27.35,96446,,,,,,,,,,,,,,,,,,84.60007276,27.35
2/19/2022 13:54,Spin 2,Wash,67,74,9,2.37,40,4269,74.89575438,16,27.57,96443,,,,,,,,,,,,,,,,,,74.89575438,27.57
2/19/2022 13:54,Spin 2,Wash,67,74,9,2.37,40,4516,88.24576137,16,27.84,96446,,,,,,,,,,,,,,,,,,88.24576137,27.84
2/19/2022 13:55,Spin 2,Wash,67,74,9,2.37,40,4254,88.42403045,16,28.08,96442,,,,,,,,,,,,,,,,,,88.42403045,28.08
2/19/2022 13:55,Spin 2,Wash,67,74,9,2.37,40,4321,85.8410061,16,28.3,96441,,,,,,,,,,,,,,,,,,85.8410061,28.3
2/19/2022 13:56,Spin 2,Wash,67,74,9,2.37,40,4245,71.05270968,16,28.52,96440,,,,,,,,,,,,,,,,,,71.05270968,28.52
2/19/2022 13:56,Spin 2,Wash,67,74,9,2.37,40,4197,88.32373746,15,28.71,96438,,,,,,,,,,,,,,,,,,88.32373746,28.71
2/19/2022 13:57,Spin 2,Wash,67,74,9,2.37,40,4213,87.32403174,15,28.91,96444,,,,,,,,,,,,,,,,,,87.32403174,28.91
2/19/2022 13:57,Spin 2,Wash,67,74,9,2.37,40,4268,86.30070294,15,29.08,96439,,,,,,,,,,,,,,,,,,86.30070294,29.08
2/19/2022 13:58,Spin 2,Wash,67,74,9,2.37,40,4289,88.22357128,15,29.26,96442,,,,,,,,,,,,,,,,,,88.22357128,29.26
2/19/2022 13:58,Spin 2,Wash,67,74,9,2.37,40,4182,89.04393124,15,29.43,96435,,,,,,,,,,,,,,,,,,89.04393124,29.43
2/19/2022 13:59,Spin 2,Wash,67,74,9,2.37,40,4710,91.60101452,14,29.6,96436,,,,,,,,,,,,,,,,,,91.60101452,29.6
2/19/2022 13:59,Spin 2,Wash,67,74,9,2.37,40,5888,95.97077404,14,29.8,96431,,,,,,,,,,,,,,,,,,95.97077404,29.8
2/19/2022 14:00,Spin 2,Wash,67,74,9,2.37,40,4235,90.2572341,14,30.02,96432,,,,,,,,,,,,,,,,,,90.2572341,30.02
2/19/2022 14:00,Spin 2,Wash,67,74,9,2.37,40,4263,91.36416683,14,30.26,96435,,,,,,,,,,,,,,,,,,91.36416683,30.26
2/19/2022 14:01,Spin 2,Wash,67,74,9,2.37,40,4256,90.43257046,14,30.47,96435,,,,,,,,,,,,,,,,,,90.43257046,30.47
2/19/2022 14:01,Spin 2,Wash,67,74,9,2.37,40,4261,92.07218915,14,30.65,96441,,,,,,,,,,,,,,,,,,92.07218915,30.65
2/19/2022 14:02,Spin 2,Wash,67,74,9,2.37,40,4177,90.89110544,14,30.8,96443,,,,,,,,,,,,,,,,,,90.89110544,30.8
2/19/2022 14:02,Spin 2,Wash,67,74,9,2.37,40,4227,96.91719729,14,30.91,96435,,,,,,,,,,,,,,,,,,96.91719729,30.91
2/19/2022 14:03,Spin 2,Wash,67,74,9,2.37,40,4298,91.96744007,13,30.98,96442,,,,,,,,,,,,,,,,,,91.96744007,30.98
2/19/2022 14:03,Spin 2,Wash,67,74,9,2.37,40,4261,72.82027286,13,31.03,96440,,,,,,,,,,,,,,,,,,72.82027286,31.03
2/19/2022 14:04,Spin 2,Wash,67,74,9,2.37,40,4238,70.34129702,13,31.03,96439,,,,,,,,,,,,,,,,,,70.34129702,31.03
2/19/2022 14:04,Spin 2,Wash,67,74,9,2.37,40,4246,71.7478678,13,31,96433,,,,,,,,,,,,,,,,,,71.7478678,31
2/19/2022 14:05,Spin 2,Wash,67,74,9,2.37,40,4300,78.26930044,13,30.95,96442,,,,,,,,,,,,,,,,,,78.26930044,30.95
2/19/2022 14:05,Spin 2,Wash,67,74,9,2.37,40,4175,85.91749626,13,30.88,96436,,,,,,,,,,,,,,,,,,85.91749626,30.88
2/19/2022 14:06,Spin 2,Wash,67,74,9,2.37,40,4180,88.64926532,13,30.81,96434,,,,,,,,,,,,,,,,,,88.64926532,30.81
2/19/2022 14:06,Spin 2,Wash,67,74,9,2.37,40,4221,81.39848251,13,30.69,96435,,,,,,,,,,,,,,,,,,81.39848251,30.69
2/19/2022 14:07,Spin 2,Wash,67,74,9,2.37,40,4265,75.61267103,13,30.6,96437,,,,,,,,,,,,,,,,,,75.61267103,30.6
2/19/2022 14:07,Spin 2,Wash,67,74,9,2.37,40,4241,67.37795948,13,30.45,96430,,,,,,,,,,,,,,,,,,67.37795948,30.45
2/19/2022 14:08,Spin 2,Wash,67,74,9,2.37,40,4228,70.72238282,13,30.33,96430,,,,,,,,,,,,,,,,,,70.72238282,30.33
2/19/2022 14:08,Spin 2,Wash,67,74,9,2.37,40,4232,80.90367942,13,30.2,96425,,,,,,,,,,,,,,,,,,80.90367942,30.2
2/19/2022 14:09,Spin 2,Wash,67,74,9,2.37,40,4242,84.18683213,13,30.06,96424,,,,,,,,,,,,,,,,,,84.18683213,30.06
2/19/2022 14:09,Spin 2,Wash,67,74,9,2.37,40,4394,84.86484263,13,29.91,96427,,,,,,,,,,,,,,,,,,84.86484263,29.91
2/19/2022 14:10,Spin 2,Wash,67,74,9,2.37,40,4336,88.14037693,13,29.76,96429,,,,,,,,,,,,,,,,,,88.14037693,29.76
2/19/2022 14:10,Spin 2,Wash,67,74,9,2.37,40,4209,77.36218402,13,29.62,96424,,,,,,,,,,,,,,,,,,77.36218402,29.62
2/19/2022 14:11,Spin 2,Wash,67,74,9,2.37,40,4360,87.68186645,13,29.49,96426,,,,,,,,,,,,,,,,,,87.68186645,29.49
2/19/2022 14:11,Spin 2,Wash,67,74,9,2.37,40,4281,88.55876873,13,29.35,96421,,,,,,,,,,,,,,,,,,88.55876873,29.35
2/19/2022 14:12,Spin 2,Wash,67,74,9,2.37,40,4438,92.1377679,13,29.21,96423,,,,,,,,,,,,,,,,,,92.1377679,29.21
2/19/2022 14:12,Spin 2,Wash,67,74,9,2.37,40,4269,99.18971582,13,29.06,96417,,,,,,,,,,,,,,,,,,99.18971582,29.06
2/19/2022 14:13,Spin 2,Wash,67,74,9,2.37,40,2862,102.1042497,14,28.92,96419,,,,,,,,,,,,,,,,,,102.1042497,28.92
2/19/2022 14:13,Spin 2,Wash,67,74,9,2.37,40,4731,94.03157255,14,28.79,96421,,,,,,,,,,,,,,,,,,94.03157255,28.79
2/19/2022 14:14,Spin 2,Wash,67,74,9,2.37,40,4263,90.88527506,14,28.69,96426,,,,,,,,,,,,,,,,,,90.88527506,28.69
2/19/2022 14:14,Spin 2,Wash,67,74,9,2.37,40,4191,74.22888591,14,28.58,96420,,,,,,,,,,,,,,,,,,74.22888591,28.58
2/19/2022 14:15,Spin 2,Wash,67,74,9,2.37,40,4218,88.59949612,14,28.49,96423,,,,,,,,,,,,,,,,,,88.59949612,28.49
2/19/2022 14:15,Spin 2,Wash,67,74,9,2.37,40,4350,90.01990417,14,28.37,96417,,,,,,,,,,,,,,,,,,90.01990417,28.37
2/19/2022 14:16,Spin 2,Wash,67,74,9,2.37,40,4241,88.3886445,14,28.26,96420,,,,,,,,,,,,,,,,,,88.3886445,28.26
2/19/2022 14:16,Spin 2,Wash,67,74,9,2.37,40,4283,89.5204773,14,28.14,96420,,,,,,,,,,,,,,,,,,89.5204773,28.14
2/19/2022 14:17,Spin 2,Wash,67,74,9,2.37,40,4266,90.37240303,14,28.02,96419,,,,,,,,,,,,,,,,,,90.37240303,28.02
2/19/2022 14:17,Spin 2,Wash,67,74,9,2.37,40,4260,89.12385414,14,27.92,96415,,,,,,,,,,,,,,,,,,89.12385414,27.92
2/19/2022 14:18,Spin 2,Wash,67,74,9,2.37,40,4520,87.83065152,14,27.78,96408,,,,,,,,,,,,,,,,,,87.83065152,27.78
2/19/2022 14:18,Spin 2,Wash,67,74,9,2.37,40,4288,89.03924132,14,27.67,96409,,,,,,,,,,,,,,,,,,89.03924132,27.67
2/19/2022 14:19,Spin 2,Wash,67,74,9,2.37,40,4227,79.65351771,14,27.54,96416,,,,,,,,,,,,,,,,,,79.65351771,27.54
2/19/2022 14:19,Spin 2,Wash,67,74,9,2.37,40,4266,72.54146732,15,27.43,96414,,,,,,,,,,,,,,,,,,72.54146732,27.43
2/19/2022 14:20,Spin 2,Wash,67,74,9,2.37,40,4251,70.56273932,15,27.3,96412,,,,,,,,,,,,,,,,,,70.56273932,27.3
2/19/2022 14:20,Spin 2,Wash,67,74,9,2.37,40,4288,71.20044295,15,27.18,96413,,,,,,,,,,,,,,,,,,71.20044295,27.18
2/19/2022 14:21,Spin 2,Wash,67,74,9,2.37,40,4141,79.50904126,15,27.06,96409,,,,,,,,,,,,,,,,,,79.50904126,27.06
2/19/2022 14:21,Spin 2,Wash,67,74,9,2.37,40,4108,84.43484686,15,26.94,96409,,,,,,,,,,,,,,,,,,84.43484686,26.94
2/19/2022 14:22,Spin 2,Wash,67,74,9,2.37,40,4056,81.54671798,15,26.83,96407,,,,,,,,,,,,,,,,,,81.54671798,26.83
2/19/2022 14:22,Spin 2,Wash,67,74,9,2.37,40,4348,87.48968673,15,26.71,96408,,,,,,,,,,,,,,,,,,87.48968673,26.71
2/19/2022 14:23,Spin 2,Wash,67,74,9,2.37,40,4295,82.54677988,15,26.61,96414,,,,,,,,,,,,,,,,,,82.54677988,26.61
2/19/2022 14:23,Spin 2,Wash,67,74,9,2.37,40,4257,85.51882947,15,26.49,96409,,,,,,,,,,,,,,,,,,85.51882947,26.49
2/19/2022 14:24,Spin 2,Wash,67,74,9,2.37,40,4365,87.91158048,15,26.39,96406,,,,,,,,,,,,,,,,,,87.91158048,26.39
2/19/2022 14:24,Spin 2,Wash,67,74,9,2.37,40,4247,82.6789747,15,26.3,96406,,,,,,,,,,,,,,,,,,82.6789747,26.3
2/19/2022 14:25,Spin 2,Wash,67,74,9,2.37,40,4326,83.13550911,15,26.19,96400,,,,,,,,,,,,,,,,,,83.13550911,26.19
2/19/2022 14:25,Spin 2,Wash,67,74,9,2.37,40,4264,74.91020848,15,26.09,96403,,,,,,,,,,,,,,,,,,74.91020848,26.09
2/19/2022 14:26,Spin 2,Wash,67,74,9,2.37,40,4253,86.26674981,15,25.99,96400,,,,,,,,,,,,,,,,,,86.26674981,25.99
2/19/2022 14:26,Spin 2,Wash,67,74,9,2.37,40,4263,87.83469773,15,25.9,96400,,,,,,,,,,,,,,,,,,87.83469773,25.9
2/19/2022 14:27,Spin 2,Wash,67,74,9,2.37,40,4555,93.20558406,16,25.79,96403,,,,,,,,,,,,,,,,,,93.20558406,25.79
2/19/2022 14:27,Spin 2,Wash,67,74,9,2.37,40,3454,98.08105088,16,25.7,96406,,,,,,,,,,,,,,,,,,98.08105088,25.7
2/19/2022 14:28,Spin 2,Wash,67,74,9,2.37,40,4127,99.42050912,16,25.62,96397,,,,,,,,,,,,,,,,,,99.42050912,25.62
2/19/2022 14:28,Spin 2,Wash,67,74,9,2.37,40,4231,91.16070517,17,25.55,96397,,,,,,,,,,,,,,,,,,91.16070517,25.55
2/19/2022 14:29,Spin 2,Wash,67,74,9,2.37,40,4258,76.32934218,16,25.49,96397,,,,,,,,,,,,,,,,,,76.32934218,25.49
2/19/2022 14:29,Spin 2,Wash,67,74,9,2.37,40,4260,75.53486131,16,25.42,96390,,,,,,,,,,,,,,,,,,75.53486131,25.42
2/19/2022 14:30,Spin 2,Wash,67,74,9,2.37,40,4282,75.33490055,16,25.36,96392,,,,,,,,,,,,,,,,,,75.33490055,25.36
2/19/2022 14:30,Spin 2,Wash,67,74,9,2.37,40,4241,71.77763808,16,25.27,96391,,,,,,,,,,,,,,,,,,71.77763808,25.27
2/19/2022 14:31,Spin 2,Wash,67,74,9,2.37,40,4313,87.81178167,16,25.2,96392,,,,,,,,,,,,,,,,,,87.81178167,25.2
2/19/2022 14:31,Spin 2,Wash,67,74,9,2.37,40,4305,88.46871176,16,25.12,96385,,,,,,,,,,,,,,,,,,88.46871176,25.12
2/19/2022 14:32,Spin 2,Wash,67,74,9,2.37,40,4210,85.17569017,16,25.06,96390,,,,,,,,,,,,,,,,,,85.17569017,25.06
2/19/2022 14:32,Spin 2,Wash,67,74,9,2.37,40,3846,93.73453169,17,25,96384,,,,,,,,,,,,,,,,,,93.73453169,25
2/19/2022 14:33,Spin 2,Wash,67,74,9,2.37,40,6427,99.66585894,17,24.94,96384,,,,,,,,,,,,,,,,,,99.66585894,24.94
2/19/2022 14:33,Spin 2,Wash,67,74,9,2.37,40,7471,104.9839181,17,24.87,96380,,,,,,,,,,,,,,,,,,104.9839181,24.87
2/19/2022 14:34,Spin 2,Wash,67,74,9,2.37,40,8119,105.1465167,17,24.8,96382,,,,,,,,,,,,,,,,,,105.1465167,24.8
2/19/2022 14:34,Spin 2,Wash,67,74,9,2.37,40,8191,106.5368266,18,24.75,96378,,,,,,,,,,,,,,,,,,106.5368266,24.75
2/19/2022 14:35,Spin 2,Wash,67,74,9,2.37,40,11969,106.1496707,18,24.71,96376,,,,,,,,,,,,,,,,,,106.1496707,24.71
2/19/2022 14:35,Spin 2,Wash,67,74,9,2.37,40,9672,108.4712748,18,24.68,96379,,,,,,,,,,,,,,,,,,108.4712748,24.68
2/19/2022 14:36,Spin 2,Wash,67,74,9,2.37,40,4116,108.8255301,20,24.68,96378,,,,,,,,,,,,,,,,,,108.8255301,24.68
2/19/2022 14:36,Spin 2,Wash,67,74,9,2.37,40,10649,107.9395611,18,24.68,96376,,,,,,,,,,,,,,,,,,107.9395611,24.68
2/19/2022 14:37,Spin 2,Wash,67,74,9,2.37,40,9040,108.7551356,18,24.71,96375,,,,,,,,,,,,,,,,,,108.7551356,24.71
2/19/2022 14:37,Spin 2,Wash,67,74,9,2.37,40,4524,107.1645506,18,24.73,96379,,,,,,,,,,,,,,,,,,107.1645506,24.73
2/19/2022 14:38,Spin 2,Wash,67,74,9,2.37,40,9721,107.6853418,18,24.78,96380,,,,,,,,,,,,,,,,,,107.6853418,24.78
2/19/2022 14:38,Spin 2,Wash,67,74,9,2.37,40,4550,108.3493285,18,24.81,96380,,,,,,,,,,,,,,,,,,108.3493285,24.81
2/19/2022 14:39,Spin 2,Wash,67,74,9,2.37,40,8458,108.9678866,18,24.86,96379,,,,,,,,,,,,,,,,,,108.9678866,24.86
2/19/2022 14:39,Spin 2,Wash,67,74,9,2.37,40,4084,98.22108454,18,24.93,96378,,,,,,,,,,,,,,,,,,98.22108454,24.93
2/19/2022 14:40,Spin 2,Wash,67,74,9,2.37,40,4271,76.77594649,18,24.99,96376,,,,,,,,,,,,,,,,,,76.77594649,24.99
2/19/2022 14:40,Spin 2,Wash,67,74,9,2.37,40,4286,85.32571285,17,25.03,96382,,,,,,,,,,,,,,,,,,85.32571285,25.03
2/19/2022 14:41,Spin 2,Wash,67,74,9,2.37,40,4220,76.69542124,17,25.04,96378,,,,,,,,,,,,,,,,,,76.69542124,25.04
2/19/2022 14:41,Spin 2,Wash,67,74,9,2.37,40,4249,81.04065784,17,25.06,96377,,,,,,,,,,,,,,,,,,81.04065784,25.06
2/19/2022 14:42,Spin 2,Wash,67,74,9,2.37,40,4247,70.2277102,17,25.06,96372,,,,,,,,,,,,,,,,,,70.2277102,25.06
2/19/2022 14:42,Spin 2,Wash,67,74,9,2.37,40,4252,70.9718152,17,25.06,96378,,,,,,,,,,,,,,,,,,70.9718152,25.06
2/19/2022 14:59,Spin 3,Wash,44,45,9,5,30,4243,91.74030882,18,25.04,96371,,,,,,,,,,,,,,,,,,,
2/19/2022 14:59,Spin 3,Wash,44,45,9,5,30,4252,90.26663351,18,25.02,96377,,,,,,,,,,,,,,,,,,,
2/19/2022 15:00,Spin 3,Wash,44,45,9,5,30,4232,90.7428471,18,25,96380,,,,,,,,,,,,,,,,,,,
2/19/2022 15:00,Spin 3,Wash,44,45,9,5,30,4251,91.97797548,18,25,96377,,,,,,,,,,,,,,,,,,,
2/19/2022 15:01,Spin 3,Wash,44,45,9,5,30,4233,89.60781226,18,24.98,96371,,,,,,,,,,,,,,,,,,,
2/19/2022 15:01,Spin 3,Wash,44,45,9,5,30,4224,78.45359768,18,24.96,96370,,,,,,,,,,,,,,,,,,,
2/19/2022 15:02,Spin 3,Wash,44,45,9,5,30,4243,85.82066154,18,24.94,96370,,,,,,,,,,,,,,,,,,,
2/19/2022 15:02,Spin 3,Wash,44,45,9,5,30,4230,71.28435629,19,24.91,96379,,,,,,,,,,,,,,,,,,,
2/19/2022 15:03,Spin 3,Wash,44,45,9,5,30,4261,73.27724142,18,24.89,96373,,,,,,,,,,,,,,,,,,,
2/19/2022 15:03,Spin 3,Wash,44,45,9,5,30,4240,81.41095455,18,24.86,96380,,,,,,,,,,,,,,,,,,,
2/19/2022 15:04,Spin 3,Wash,44,45,9,5,30,4264,80.26870529,18,24.82,96375,,,,,,,,,,,,,,,,,,,
2/19/2022 15:04,Spin 3,Wash,44,45,9,5,30,4270,90.97849429,18,24.79,96374,,,,,,,,,,,,,,,,,,,
2/19/2022 15:05,Spin 3,Wash,44,45,9,5,30,4251,77.04945555,18,24.76,96370,,,,,,,,,,,,,,,,,,,
2/19/2022 15:05,Spin 3,Wash,44,45,9,5,30,4234,69.66247857,19,24.73,96369,,,,,,,,,,,,,,,,,,,
2/19/2022 15:06,Spin 3,Wash,44,45,9,5,30,4245,81.32830623,19,24.71,96375,,,,,,,,,,,,,,,,,,,
2/19/2022 15:06,Spin 3,Wash,44,45,9,5,30,4250,90.40648001,19,24.69,96380,,,,,,,,,,,,,,,,,,,
2/19/2022 15:07,Spin 3,Wash,44,45,9,5,30,4243,81.3510429,19,24.68,96374,,,,,,,,,,,,,,,,,,,
2/19/2022 15:07,Spin 3,Wash,44,45,9,5,30,4212,73.7055999,19,24.66,96371,,,,,,,,,,,,,,,,,,,
2/19/2022 15:08,Spin 3,Wash,44,45,9,5,30,4249,80.26930731,19,24.66,96370,,,,,,,,,,,,,,,,,,,
2/19/2022 15:08,Spin 3,Wash,44,45,9,5,30,4252,75.08290099,19,24.65,96370,,,,,,,,,,,,,,,,,,,
2/19/2022 15:09,Spin 3,Wash,44,45,9,5,30,4244,74.39094451,19,24.67,96373,,,,,,,,,,,,,,,,,,,
2/19/2022 15:09,Spin 3,Wash,44,45,9,5,30,4247,71.0200329,19,24.67,96375,,,,,,,,,,,,,,,,,,,
2/19/2022 15:10,Spin 3,Wash,44,45,9,5,30,4232,69.94298466,19,24.68,96373,,,,,,,,,,,,,,,,,,,
2/19/2022 15:10,Spin 3,Wash,44,45,9,5,30,4269,81.63327094,19,24.72,96376,,,,,,,,,,,,,,,,,,,
2/19/2022 15:11,Spin 3,Wash,44,45,9,5,30,4263,75.09771453,19,24.75,96375,,,,,,,,,,,,,,,,,,,
2/19/2022 15:11,Spin 3,Wash,44,45,9,5,30,4267,70.83706418,19,24.77,96378,,,,,,,,,,,,,,,,,,,
2/19/2022 15:12,Spin 3,Wash,44,45,9,5,30,4255,68.36103525,19,24.81,96382,,,,,,,,,,,,,,,,,,,
2/19/2022 15:12,Spin 3,Wash,44,45,9,5,30,4234,70.57393829,19,24.86,96372,,,,,,,,,,,,,,,,,,,
2/19/2022 15:13,Spin 3,Wash,44,45,9,5,30,4284,69.97519751,19,24.92,96376,,,,,,,,,,,,,,,,,,,
2/19/2022 15:13,Spin 3,Wash,44,45,9,5,30,4210,70.92048331,19,24.98,96375,,,,,,,,,,,,,,,,,,,
2/19/2022 15:14,Spin 3,Wash,44,45,9,5,30,4481,83.73186857,19,25.03,96376,,,,,,,,,,,,,,,,,,,
2/19/2022 15:14,Spin 3,Wash,44,45,9,5,30,4237,89.1731276,19,25.09,96372,,,,,,,,,,,,,,,,,,,
2/19/2022 15:15,Spin 3,Wash,44,45,9,5,30,4255,95.69443497,19,25.18,96380,,,,,,,,,,,,,,,,,,,
2/19/2022 15:15,Spin 3,Wash,44,45,9,5,30,4257,69.7444843,19,25.24,96375,,,,,,,,,,,,,,,,,,,
2/19/2022 15:16,Spin 3,Wash,44,45,9,5,30,4270,70.33834921,19,25.33,96377,,,,,,,,,,,,,,,,,,,
2/19/2022 15:16,Spin 3,Wash,44,45,9,5,30,4223,69.58240439,19,25.41,96374,,,,,,,,,,,,,,,,,,,
2/19/2022 15:17,Spin 3,Wash,44,45,9,5,30,4263,82.76965377,19,25.51,96370,,,,,,,,,,,,,,,,,,,
2/19/2022 15:17,Spin 3,Wash,44,45,9,5,30,4229,82.21137284,19,25.61,96373,,,,,,,,,,,,,,,,,,,
2/19/2022 15:18,Spin 3,Wash,44,45,9,5,30,4224,70.39408299,19,25.71,96379,,,,,,,,,,,,,,,,,,,
2/19/2022 15:18,Spin 3,Wash,44,45,9,5,30,4265,71.67035139,19,25.81,96376,,,,,,,,,,,,,,,,,,,
2/19/2022 15:19,Spin 3,Wash,44,45,9,5,30,4247,77.38085935,19,25.93,96378,,,,,,,,,,,,,,,,,,,
2/19/2022 15:19,Spin 3,Wash,44,45,9,5,30,4244,70.56273932,19,26.02,96378,,,,,,,,,,,,,,,,,,,
2/19/2022 15:20,Spin 3,Wash,44,45,9,5,30,4251,70.93851876,18,26.15,96375,,,,,,,,,,,,,,,,,,,
2/19/2022 15:20,Spin 3,Wash,44,45,9,5,30,4261,69.37367751,18,26.23,96383,,,,,,,,,,,,,,,,,,,
2/19/2022 15:21,Spin 3,Wash,44,45,9,5,30,4313,86.85733711,18,26.33,96377,,,,,,,,,,,,,,,,,,,
2/19/2022 15:21,Spin 3,Wash,44,45,9,5,30,4314,74.23250537,18,26.41,96386,,,,,,,,,,,,,,,,,,,
2/19/2022 15:22,Spin 3,Wash,44,45,9,5,30,4260,81.77615191,18,26.49,96386,,,,,,,,,,,,,,,,,,,
2/19/2022 15:22,Spin 3,Wash,44,45,9,5,30,4279,91.8347284,18,26.57,96391,,,,,,,,,,,,,,,,,,,
2/19/2022 15:23,Spin 3,Wash,44,45,9,5,30,4231,91.93603629,18,26.64,96384,,,,,,,,,,,,,,,,,,,
2/19/2022 15:23,Spin 3,Wash,44,45,9,5,30,4269,90.24279764,18,26.69,96378,,,,,,,,,,,,,,,,,,,
2/19/2022 15:24,Spin 3,Wash,44,45,9,5,30,4246,90.60378607,18,26.75,96382,,,,,,,,,,,,,,,,,,,
2/19/2022 15:24,Spin 3,Wash,44,45,9,5,30,4250,91.32489177,18,26.82,96383,,,,,,,,,,,,,,,,,,,
2/19/2022 15:25,Spin 3,Wash,44,45,9,5,30,4213,92.59891958,18,26.87,96382,,,,,,,,,,,,,,,,,,,
2/19/2022 15:25,Spin 3,Wash,44,45,9,5,30,4247,76.65358388,18,26.92,96381,,,,,,,,,,,,,,,,,,,
2/19/2022 15:26,Spin 3,Wash,44,45,9,5,30,4229,77.79931362,18,26.94,96377,,,,,,,,,,,,,,,,,,,
2/19/2022 15:26,Spin 3,Wash,44,45,9,5,30,4250,74.01894442,18,26.99,96380,,,,,,,,,,,,,,,,,,,
2/19/2022 15:27,Spin 3,Wash,44,45,9,5,30,4265,76.87997513,18,27.02,96377,,,,,,,,,,,,,,,,,,,
2/19/2022 15:27,Spin 3,Wash,44,45,9,5,30,4284,83.84631787,18,27.02,96372,,,,,,,,,,,,,,,,,,,
2/19/2022 15:28,Spin 3,Wash,44,45,9,5,30,4256,86.18032502,17,27.03,96369,,,,,,,,,,,,,,,,,,,
2/19/2022 15:28,Spin 3,Wash,44,45,9,5,30,4267,91.40783971,17,27.03,96375,,,,,,,,,,,,,,,,,,,
2/19/2022 15:29,Spin 3,Wash,44,45,9,5,30,4275,91.71230027,17,27,96369,,,,,,,,,,,,,,,,,,,
2/19/2022 15:29,Spin 3,Wash,44,45,9,5,30,4227,90.76182442,17,26.97,96379,,,,,,,,,,,,,,,,,,,
2/19/2022 15:30,Spin 3,Wash,44,45,9,5,30,4257,92.57364845,17,26.95,96384,,,,,,,,,,,,,,,,,,,
2/19/2022 15:30,Spin 3,Wash,44,45,9,5,30,4261,90.67108592,17,26.91,96372,,,,,,,,,,,,,,,,,,,
2/19/2022 15:31,Spin 3,Wash,44,45,9,5,30,4207,91.60560406,17,26.88,96377,,,,,,,,,,,,,,,,,,,
2/19/2022 15:31,Spin 3,Wash,44,45,9,5,30,4255,71.33628234,17,26.83,96381,,,,,,,,,,,,,,,,,,,
2/19/2022 15:32,Spin 3,Wash,44,45,9,5,30,4214,72.3208185,17,26.8,96383,,,,,,,,,,,,,,,,,,,
2/19/2022 15:32,Spin 3,Wash,44,45,9,5,30,4249,76.76589028,17,26.74,96383,,,,,,,,,,,,,,,,,,,
2/19/2022 15:33,Spin 3,Wash,44,45,9,5,30,4256,71.35268209,17,26.69,96384,,,,,,,,,,,,,,,,,,,
2/19/2022 15:33,Spin 3,Wash,44,45,9,5,30,4284,82.54626526,17,26.64,96380,,,,,,,,,,,,,,,,,,,
2/19/2022 15:34,Spin 3,Wash,44,45,9,5,30,4245,84.39442269,17,26.59,96383,,,,,,,,,,,,,,,,,,,
2/19/2022 15:34,Spin 3,Wash,44,45,9,5,30,4134,88.8911704,17,26.5,96382,,,,,,,,,,,,,,,,,,,
2/19/2022 15:35,Spin 3,Wash,44,45,9,5,30,4264,76.35158047,17,26.44,96381,,,,,,,,,,,,,,,,,,,
2/19/2022 15:35,Spin 3,Wash,44,45,9,5,30,4249,89.79737304,17,26.37,96386,,,,,,,,,,,,,,,,,,,
2/19/2022 15:36,Spin 3,Wash,44,45,9,5,30,4284,89.01026607,17,26.32,96386,,,,,,,,,,,,,,,,,,,
2/19/2022 15:36,Spin 3,Wash,44,45,9,5,30,4242,89.5255367,18,26.24,96385,,,,,,,,,,,,,,,,,,,
2/19/2022 15:37,Spin 3,Wash,44,45,9,5,30,4246,87.65194123,18,26.18,96381,,,,,,,,,,,,,,,,,,,
2/19/2022 15:37,Spin 3,Wash,44,45,9,5,30,4230,90.00858831,18,26.13,96379,,,,,,,,,,,,,,,,,,,
2/19/2022 15:38,Spin 3,Wash,44,45,9,5,30,4277,78.69080451,18,26.07,96387,,,,,,,,,,,,,,,,,,,
2/19/2022 15:38,Spin 3,Wash,44,45,9,5,30,4264,71.68336536,18,26,96381,,,,,,,,,,,,,,,,,,,
2/19/2022 15:39,Spin 3,Wash,44,45,9,5,30,4280,79.25900641,18,25.96,96379,,,,,,,,,,,,,,,,,,,
2/19/2022 15:39,Spin 3,Wash,44,45,9,5,30,4233,77.3756343,18,25.9,96382,,,,,,,,,,,,,,,,,,,
2/19/2022 15:40,Spin 3,Wash,44,45,9,5,30,4250,81.34752837,18,25.84,96382,,,,,,,,,,,,,,,,,,,
2/19/2022 15:40,Spin 3,Wash,44,45,9,5,30,4291,83.07240507,18,25.76,96377,,,,,,,,,,,,,,,,,,,
2/19/2022 15:41,Spin 3,Wash,44,45,9,5,30,4253,85.35985832,18,25.69,96380,,,,,,,,,,,,,,,,,,,
2/19/2022 15:41,Spin 3,Wash,44,45,9,5,30,4190,84.32328742,18,25.65,96380,,,,,,,,,,,,,,,,,,,
2/19/2022 15:42,Spin 3,Wash,44,45,9,5,30,4281,85.25624435,18,25.58,96383,,,,,,,,,,,,,,,,,,,
2/19/2022 15:42,Spin 3,Wash,44,45,9,5,30,4295,89.35490951,18,25.52,96377,,,,,,,,,,,,,,,,,,,
2/19/2022 15:43,Spin 3,Wash,44,45,9,5,30,4405,90.49073642,18,25.44,96379,,,,,,,,,,,,,,,,,,,
2/19/2022 15:43,Spin 3,Wash,44,45,9,5,30,2916,95.15912693,18,25.33,96377,,,,,,,,,,,,,,,,,,,
2/19/2022 15:44,Spin 3,Wash,44,45,9,5,30,8547,99.10316905,19,25.14,96378,,,,,,,,,,,,,,,,,,,
2/19/2022 15:44,Spin 3,Wash,44,45,9,5,30,4219,79.35814757,19,24.98,96381,,,,,,,,,,,,,,,,,,,
2/21/2022 15:08,Spin 4,Wash,67,82,9,3,40,4203,89.55225989,20,23.33,95339,,,,,,,,,,,,,,,,,,89.55225989,23.33
2/21/2022 15:08,Spin 4,Wash,67,82,9,3,40,4237,90.27074784,20,23.25,95337,,,,,,,,,,,,,,,,,,90.27074784,23.25
2/21/2022 15:09,Spin 4,Wash,67,82,9,3,40,4233,91.55498522,20,23.17,95347,,,,,,,,,,,,,,,,,,91.55498522,23.17
2/21/2022 15:09,Spin 4,Wash,67,82,9,3,40,4278,89.81082937,20,23.11,95338,,,,,,,,,,,,,,,,,,89.81082937,23.11
2/21/2022 15:10,Spin 4,Wash,67,82,9,3,40,4430,91.13724198,20,23.04,95347,,,,,,,,,,,,,,,,,,91.13724198,23.04
2/21/2022 15:10,Spin 4,Wash,67,82,9,3,40,4263,75.12623825,20,23,95349,,,,,,,,,,,,,,,,,,75.12623825,23
2/21/2022 15:11,Spin 4,Wash,67,82,9,3,40,4186,83.65606629,20,22.95,95350,,,,,,,,,,,,,,,,,,83.65606629,22.95
2/21/2022 15:11,Spin 4,Wash,67,82,9,3,40,4149,81.58853655,20,22.89,95344,,,,,,,,,,,,,,,,,,81.58853655,22.89
2/21/2022 15:12,Spin 4,Wash,67,82,9,3,40,4175,80.37422059,20,22.85,95341,,,,,,,,,,,,,,,,,,80.37422059,22.85
2/21/2022 15:12,Spin 4,Wash,67,82,9,3,40,4018,78.74522232,21,22.81,95349,,,,,,,,,,,,,,,,,,78.74522232,22.81
2/21/2022 15:13,Spin 4,Wash,67,82,9,3,40,4267,70.18510969,21,22.78,95344,,,,,,,,,,,,,,,,,,70.18510969,22.78
2/21/2022 15:13,Spin 4,Wash,67,82,9,3,40,4226,86.65693355,21,22.74,95339,,,,,,,,,,,,,,,,,,86.65693355,22.74
2/21/2022 15:14,Spin 4,Wash,67,82,9,3,40,4074,84.84322077,21,22.72,95346,,,,,,,,,,,,,,,,,,84.84322077,22.72
2/21/2022 15:14,Spin 4,Wash,67,82,9,3,40,4175,89.30811256,21,22.68,95343,,,,,,,,,,,,,,,,,,89.30811256,22.68
2/21/2022 15:15,Spin 4,Wash,67,82,9,3,40,4303,85.0343225,21,22.66,95346,,,,,,,,,,,,,,,,,,85.0343225,22.66
2/21/2022 15:15,Spin 4,Wash,67,82,9,3,40,4380,89.21974852,21,22.66,95337,,,,,,,,,,,,,,,,,,89.21974852,22.66
2/21/2022 15:16,Spin 4,Wash,67,82,9,3,40,4223,72.52361884,21,22.64,95334,,,,,,,,,,,,,,,,,,72.52361884,22.64
2/21/2022 15:16,Spin 4,Wash,67,82,9,3,40,4262,78.09369135,21,22.63,95343,,,,,,,,,,,,,,,,,,78.09369135,22.63
2/21/2022 15:17,Spin 4,Wash,67,82,9,3,40,4390,92.87912745,21,22.63,95339,,,,,,,,,,,,,,,,,,92.87912745,22.63
2/21/2022 15:17,Spin 4,Wash,67,82,9,3,40,4024,91.35344759,21,22.63,95328,,,,,,,,,,,,,,,,,,91.35344759,22.63
2/21/2022 15:18,Spin 4,Wash,67,82,9,3,40,4103,85.2428044,21,22.66,95335,,,,,,,,,,,,,,,,,,85.2428044,22.66
2/21/2022 15:18,Spin 4,Wash,67,82,9,3,40,4286,90.54995937,21,22.68,95334,,,,,,,,,,,,,,,,,,90.54995937,22.68
2/21/2022 15:19,Spin 4,Wash,67,82,9,3,40,4372,82.93221174,21,22.7,95336,,,,,,,,,,,,,,,,,,82.93221174,22.7
2/21/2022 15:19,Spin 4,Wash,67,82,9,3,40,4260,70.26990187,21,22.72,95341,,,,,,,,,,,,,,,,,,70.26990187,22.72
2/21/2022 15:20,Spin 4,Wash,67,82,9,3,40,4277,79.13340995,21,22.75,95344,,,,,,,,,,,,,,,,,,79.13340995,22.75
2/21/2022 15:20,Spin 4,Wash,67,82,9,3,40,4333,89.72164794,21,22.8,95339,,,,,,,,,,,,,,,,,,89.72164794,22.8
2/21/2022 15:21,Spin 4,Wash,67,82,9,3,40,4404,88.92649689,21,22.84,95331,,,,,,,,,,,,,,,,,,88.92649689,22.84
2/21/2022 15:21,Spin 4,Wash,67,82,9,3,40,4375,91.28093997,21,22.91,95329,,,,,,,,,,,,,,,,,,91.28093997,22.91
2/21/2022 15:22,Spin 4,Wash,67,82,9,3,40,4089,93.35424595,21,22.98,95323,,,,,,,,,,,,,,,,,,93.35424595,22.98
2/21/2022 15:22,Spin 4,Wash,67,82,9,3,40,4121,86.75149181,21,23.07,95333,,,,,,,,,,,,,,,,,,86.75149181,23.07
2/21/2022 15:23,Spin 4,Wash,67,82,9,3,40,4269,71.26770434,21,23.14,95333,,,,,,,,,,,,,,,,,,71.26770434,23.14
2/21/2022 15:23,Spin 4,Wash,67,82,9,3,40,4224,78.22485181,21,23.25,95324,,,,,,,,,,,,,,,,,,78.22485181,23.25
2/21/2022 15:24,Spin 4,Wash,67,82,9,3,40,4150,88.87978488,21,23.35,95328,,,,,,,,,,,,,,,,,,88.87978488,23.35
2/21/2022 15:24,Spin 4,Wash,67,82,9,3,40,4519,91.27263355,21,23.46,95337,,,,,,,,,,,,,,,,,,91.27263355,23.46
2/21/2022 15:25,Spin 4,Wash,67,82,9,3,40,4093,87.79182986,21,23.57,95329,,,,,,,,,,,,,,,,,,87.79182986,23.57
2/21/2022 15:25,Spin 4,Wash,67,82,9,3,40,4123,83.98951401,21,23.69,95323,,,,,,,,,,,,,,,,,,83.98951401,23.69
2/21/2022 15:26,Spin 4,Wash,67,82,9,3,40,4371,87.54188945,21,23.8,95321,,,,,,,,,,,,,,,,,,87.54188945,23.8
2/21/2022 15:26,Spin 4,Wash,67,82,9,3,40,4255,70.59625225,21,23.92,95317,,,,,,,,,,,,,,,,,,70.59625225,23.92
2/21/2022 15:27,Spin 4,Wash,67,82,9,3,40,4222,79.477848,21,24.06,95331,,,,,,,,,,,,,,,,,,79.477848,24.06
2/21/2022 15:27,Spin 4,Wash,67,82,9,3,40,3826,87.58633689,21,24.18,95324,,,,,,,,,,,,,,,,,,87.58633689,24.18
2/21/2022 15:28,Spin 4,Wash,67,82,9,3,40,4782,93.67449935,21,24.31,95313,,,,,,,,,,,,,,,,,,93.67449935,24.31
2/21/2022 15:28,Spin 4,Wash,67,82,9,3,40,4371,91.77503291,21,24.46,95317,,,,,,,,,,,,,,,,,,91.77503291,24.46
2/21/2022 15:29,Spin 4,Wash,67,82,9,3,40,4223,93.15550982,20,24.59,95309,,,,,,,,,,,,,,,,,,93.15550982,24.59
2/21/2022 15:29,Spin 4,Wash,67,82,9,3,40,4268,83.56686226,20,24.73,95316,,,,,,,,,,,,,,,,,,83.56686226,24.73
2/21/2022 15:30,Spin 4,Wash,67,82,9,3,40,4252,71.137041,20,24.9,95310,,,,,,,,,,,,,,,,,,71.137041,24.9
2/21/2022 15:30,Spin 4,Wash,67,82,9,3,40,4375,82.24748142,20,25.06,95299,,,,,,,,,,,,,,,,,,82.24748142,25.06
2/21/2022 15:31,Spin 4,Wash,67,82,9,3,40,4211,94.17731272,20,25.22,95303,,,,,,,,,,,,,,,,,,94.17731272,25.22
2/21/2022 15:31,Spin 4,Wash,67,82,9,3,40,4331,82.27099261,20,25.4,95303,,,,,,,,,,,,,,,,,,82.27099261,25.4
2/21/2022 15:32,Spin 4,Wash,67,82,9,3,40,4149,85.28251746,20,25.55,95301,,,,,,,,,,,,,,,,,,85.28251746,25.55
2/21/2022 15:32,Spin 4,Wash,67,82,9,3,40,4195,84.48068726,20,25.73,95311,,,,,,,,,,,,,,,,,,84.48068726,25.73
2/21/2022 15:33,Spin 4,Wash,67,82,9,3,40,4275,84.54212919,20,25.91,95309,,,,,,,,,,,,,,,,,,84.54212919,25.91
2/21/2022 15:33,Spin 4,Wash,67,82,9,3,40,4241,70.83968907,19,26.1,95300,,,,,,,,,,,,,,,,,,70.83968907,26.1
2/21/2022 15:34,Spin 4,Wash,67,82,9,3,40,4334,86.00414356,19,26.29,95298,,,,,,,,,,,,,,,,,,86.00414356,26.29
2/21/2022 15:34,Spin 4,Wash,67,82,9,3,40,4338,84.49465964,19,26.46,95307,,,,,,,,,,,,,,,,,,84.49465964,26.46
2/21/2022 15:35,Spin 4,Wash,67,82,9,3,40,4241,85.32019895,19,26.67,95295,,,,,,,,,,,,,,,,,,85.32019895,26.67
2/21/2022 15:35,Spin 4,Wash,67,82,9,3,40,4272,71.70065715,19,26.86,95302,,,,,,,,,,,,,,,,,,71.70065715,26.86
2/21/2022 15:36,Spin 4,Wash,67,82,9,3,40,4280,89.35253568,19,27.04,95291,,,,,,,,,,,,,,,,,,89.35253568,27.04
2/21/2022 15:36,Spin 4,Wash,67,82,9,3,40,4322,86.8820675,19,27.21,95299,,,,,,,,,,,,,,,,,,86.8820675,27.21
2/21/2022 15:37,Spin 4,Wash,67,82,9,3,40,4287,88.31625865,18,27.37,95304,,,,,,,,,,,,,,,,,,88.31625865,27.37
2/21/2022 15:37,Spin 4,Wash,67,82,9,3,40,4231,84.99568789,18,27.53,95302,,,,,,,,,,,,,,,,,,84.99568789,27.53
2/21/2022 15:38,Spin 4,Wash,67,82,9,3,40,4292,88.40973616,18,27.67,95309,,,,,,,,,,,,,,,,,,88.40973616,27.67
2/21/2022 15:38,Spin 4,Wash,67,82,9,3,40,4345,83.69646227,18,27.83,95306,,,,,,,,,,,,,,,,,,83.69646227,27.83
2/21/2022 15:39,Spin 4,Wash,67,82,9,3,40,4284,75.86052445,18,27.98,95311,,,,,,,,,,,,,,,,,,75.86052445,27.98
2/21/2022 15:39,Spin 4,Wash,67,82,9,3,40,4258,82.43347387,18,28.15,95302,,,,,,,,,,,,,,,,,,82.43347387,28.15
2/21/2022 15:40,Spin 4,Wash,67,82,9,3,40,4256,78.24547927,18,28.28,95297,,,,,,,,,,,,,,,,,,78.24547927,28.28
2/21/2022 15:40,Spin 4,Wash,67,82,9,3,40,4381,82.77807606,17,28.4,95293,,,,,,,,,,,,,,,,,,82.77807606,28.4
2/21/2022 15:41,Spin 4,Wash,67,82,9,3,40,4272,77.78921884,17,28.53,95300,,,,,,,,,,,,,,,,,,77.78921884,28.53
2/21/2022 15:41,Spin 4,Wash,67,82,9,3,40,4260,77.99304851,17,28.65,95299,,,,,,,,,,,,,,,,,,77.99304851,28.65
2/21/2022 15:42,Spin 4,Wash,67,82,9,3,40,4323,85.65443947,17,28.76,95300,,,,,,,,,,,,,,,,,,85.65443947,28.76
2/21/2022 15:42,Spin 4,Wash,67,82,9,3,40,3700,91.43371089,17,28.88,95306,,,,,,,,,,,,,,,,,,91.43371089,28.88
2/21/2022 15:43,Spin 4,Wash,67,82,9,3,40,5295,100.4988182,17,29,95304,,,,,,,,,,,,,,,,,,100.4988182,29
2/21/2022 15:43,Spin 4,Wash,67,82,9,3,40,6504,102.2561326,17,29.07,95308,,,,,,,,,,,,,,,,,,102.2561326,29.07
2/21/2022 15:44,Spin 4,Wash,67,82,9,3,40,4273,88.35325885,17,29.17,95308,,,,,,,,,,,,,,,,,,88.35325885,29.17
2/21/2022 15:44,Spin 4,Wash,67,82,9,3,40,4265,90.08999663,17,29.28,95311,,,,,,,,,,,,,,,,,,90.08999663,29.28
2/21/2022 15:45,Spin 4,Wash,67,82,9,3,40,4294,89.33794942,17,29.38,95307,,,,,,,,,,,,,,,,,,89.33794942,29.38
2/21/2022 15:45,Spin 4,Wash,67,82,9,3,40,4238,91.54138452,17,29.47,95302,,,,,,,,,,,,,,,,,,91.54138452,29.47
2/21/2022 15:46,Spin 4,Wash,67,82,9,3,40,4232,87.33176259,16,29.53,95291,,,,,,,,,,,,,,,,,,87.33176259,29.53
2/21/2022 15:46,Spin 4,Wash,67,82,9,3,40,4291,89.87029574,16,29.57,95295,,,,,,,,,,,,,,,,,,89.87029574,29.57
2/21/2022 15:47,Spin 4,Wash,67,82,9,3,40,4300,89.6241287,16,29.58,95287,,,,,,,,,,,,,,,,,,89.6241287,29.58
2/21/2022 15:47,Spin 4,Wash,67,82,9,3,40,4081,89.67040247,16,29.57,95295,,,,,,,,,,,,,,,,,,89.67040247,29.57
2/21/2022 15:48,Spin 4,Wash,67,82,9,3,40,4228,83.85026054,16,29.53,95290,,,,,,,,,,,,,,,,,,83.85026054,29.53
2/21/2022 15:48,Spin 4,Wash,67,82,9,3,40,4157,83.4344397,16,29.48,95286,,,,,,,,,,,,,,,,,,83.4344397,29.48
2/21/2022 15:49,Spin 4,Wash,67,82,9,3,40,4265,71.0301153,16,29.41,95288,,,,,,,,,,,,,,,,,,71.0301153,29.41
2/21/2022 15:49,Spin 4,Wash,67,82,9,3,40,4261,73.15239903,16,29.32,95300,,,,,,,,,,,,,,,,,,73.15239903,29.32
2/21/2022 15:50,Spin 4,Wash,67,82,9,3,40,4266,71.9541657,16,29.23,95293,,,,,,,,,,,,,,,,,,71.9541657,29.23
2/21/2022 15:50,Spin 4,Wash,67,82,9,3,40,4274,76.08316245,16,29.12,95298,,,,,,,,,,,,,,,,,,76.08316245,29.12
2/21/2022 15:51,Spin 4,Wash,67,82,9,3,40,3722,87.83942759,16,29.01,95285,,,,,,,,,,,,,,,,,,87.83942759,29.01
2/21/2022 15:51,Spin 4,Wash,67,82,9,3,40,3897,87.70883483,16,28.89,95286,,,,,,,,,,,,,,,,,,87.70883483,28.89
2/21/2022 15:52,Spin 4,Wash,67,82,9,3,40,4341,83.01508268,16,28.79,95288,,,,,,,,,,,,,,,,,,83.01508268,28.79
2/21/2022 15:52,Spin 4,Wash,67,82,9,3,40,4347,87.55938943,16,28.67,95279,,,,,,,,,,,,,,,,,,87.55938943,28.67
2/21/2022 15:53,Spin 4,Wash,67,82,9,3,40,4235,84.1206046,16,28.55,95282,,,,,,,,,,,,,,,,,,84.1206046,28.55
2/21/2022 15:53,Spin 4,Wash,67,82,9,3,40,4402,91.04371768,16,28.43,95286,,,,,,,,,,,,,,,,,,91.04371768,28.43
2/21/2022 15:54,Spin 4,Wash,67,82,9,3,40,4212,84.94039109,16,28.32,95292,,,,,,,,,,,,,,,,,,84.94039109,28.32
2/21/2022 15:54,Spin 4,Wash,67,82,9,3,40,4288,90.35952812,16,28.21,95292,,,,,,,,,,,,,,,,,,90.35952812,28.21
2/21/2022 15:55,Spin 4,Wash,67,82,9,3,40,4196,90.71267025,16,28.09,95291,,,,,,,,,,,,,,,,,,90.71267025,28.09
2/21/2022 15:55,Spin 4,Wash,67,82,9,3,40,4599,98.12679601,17,27.95,95289,,,,,,,,,,,,,,,,,,98.12679601,27.95
2/21/2022 15:56,Spin 4,Wash,67,82,9,3,40,4268,73.4087184,17,27.82,95289,,,,,,,,,,,,,,,,,,73.4087184,27.82
2/21/2022 15:56,Spin 4,Wash,67,82,9,3,40,4310,85.51462534,17,27.74,95283,,,,,,,,,,,,,,,,,,85.51462534,27.74
2/21/2022 15:57,Spin 4,Wash,67,82,9,3,40,4222,87.25762886,17,27.66,95288,,,,,,,,,,,,,,,,,,87.25762886,27.66
2/21/2022 15:57,Spin 4,Wash,67,82,9,3,40,4274,77.2595971,17,27.59,95286,,,,,,,,,,,,,,,,,,77.2595971,27.59
2/21/2022 15:58,Spin 4,Wash,67,82,9,3,40,4311,86.85127282,17,27.5,95290,,,,,,,,,,,,,,,,,,86.85127282,27.5
2/21/2022 15:58,Spin 4,Wash,67,82,9,3,40,4296,85.46103676,17,27.39,95284,,,,,,,,,,,,,,,,,,85.46103676,27.39
2/21/2022 15:58,Spin 4,Wash,67,82,9,3,40,4251,70.62674423,17,27.3,95279,,,,,,,,,,,,,,,,,,70.62674423,27.3
2/21/2022 15:59,Spin 4,Wash,67,82,9,3,40,4252,85.1975251,17,27.2,95289,,,,,,,,,,,,,,,,,,85.1975251,27.2
2/21/2022 15:59,Spin 4,Wash,67,82,9,3,40,4248,84.69627007,17,27.11,95292,,,,,,,,,,,,,,,,,,84.69627007,27.11
2/21/2022 16:00,Spin 4,Wash,67,82,9,3,40,4232,86.29395301,17,27.02,95289,,,,,,,,,,,,,,,,,,86.29395301,27.02
2/21/2022 16:00,Spin 4,Wash,67,82,9,3,40,4144,87.0368489,17,26.94,95294,,,,,,,,,,,,,,,,,,87.0368489,26.94
2/21/2022 16:01,Spin 4,Wash,67,82,9,3,40,4361,91.69024669,17,26.85,95310,,,,,,,,,,,,,,,,,,91.69024669,26.85
2/21/2022 16:01,Spin 4,Wash,67,82,9,3,40,4240,91.35730207,17,26.76,95278,,,,,,,,,,,,,,,,,,91.35730207,26.76
2/21/2022 16:02,Spin 4,Wash,67,82,9,3,40,4406,89.13851497,17,26.68,95280,,,,,,,,,,,,,,,,,,89.13851497,26.68
2/21/2022 16:02,Spin 4,Wash,67,82,9,3,40,4273,87.33736723,17,26.58,95286,,,,,,,,,,,,,,,,,,87.33736723,26.58
2/21/2022 16:03,Spin 4,Wash,67,82,9,3,40,4242,87.92898892,17,26.49,95285,,,,,,,,,,,,,,,,,,87.92898892,26.49
2/21/2022 16:03,Spin 4,Wash,67,82,9,3,40,4254,71.0225546,17,26.41,95287,,,,,,,,,,,,,,,,,,71.0225546,26.41
2/21/2022 16:04,Spin 4,Wash,67,82,9,3,40,4423,89.47050909,17,26.33,95281,,,,,,,,,,,,,,,,,,89.47050909,26.33
2/21/2022 16:04,Spin 4,Wash,67,82,9,3,40,4446,93.68142815,17,26.25,95286,,,,,,,,,,,,,,,,,,93.68142815,26.25
2/21/2022 16:05,Spin 4,Wash,67,82,9,3,40,4049,91.06581359,17,26.17,95281,,,,,,,,,,,,,,,,,,91.06581359,26.17
2/21/2022 16:05,Spin 4,Wash,67,82,9,3,40,4314,83.93130758,18,26.09,95282,,,,,,,,,,,,,,,,,,83.93130758,26.09
2/21/2022 16:06,Spin 4,Wash,67,82,9,3,40,4271,72.97267451,18,25.99,95275,,,,,,,,,,,,,,,,,,72.97267451,25.99
2/21/2022 16:06,Spin 4,Wash,67,82,9,3,40,4269,71.34565875,18,25.91,95282,,,,,,,,,,,,,,,,,,71.34565875,25.91
2/21/2022 16:07,Spin 4,Wash,67,82,9,3,40,4243,72.80022327,18,25.84,95264,,,,,,,,,,,,,,,,,,72.80022327,25.84
2/21/2022 16:07,Spin 4,Wash,67,82,9,3,40,4361,86.24240406,18,25.76,95272,,,,,,,,,,,,,,,,,,86.24240406,25.76
2/21/2022 16:08,Spin 4,Wash,67,82,9,3,40,4236,81.51779979,18,25.7,95274,,,,,,,,,,,,,,,,,,81.51779979,25.7
2/21/2022 16:08,Spin 4,Wash,67,82,9,3,40,4235,81.17981719,18,25.64,95273,,,,,,,,,,,,,,,,,,81.17981719,25.64
2/21/2022 16:09,Spin 4,Wash,67,82,9,3,40,4259,75.23564505,18,25.57,95260,,,,,,,,,,,,,,,,,,75.23564505,25.57
2/21/2022 16:09,Spin 4,Wash,67,82,9,3,40,4173,85.08854634,18,25.52,95257,,,,,,,,,,,,,,,,,,85.08854634,25.52
2/21/2022 16:10,Spin 4,Wash,67,82,9,3,40,4224,78.06938298,18,25.46,95263,,,,,,,,,,,,,,,,,,78.06938298,25.46
2/21/2022 16:10,Spin 4,Wash,67,82,9,3,40,4212,85.0649529,18,25.38,95251,,,,,,,,,,,,,,,,,,85.0649529,25.38
2/21/2022 16:11,Spin 4,Wash,67,82,9,3,40,4221,75.83309035,18,25.3,95254,,,,,,,,,,,,,,,,,,75.83309035,25.3
2/21/2022 16:11,Spin 4,Wash,67,82,9,3,40,4253,79.32062651,18,25.25,95260,,,,,,,,,,,,,,,,,,79.32062651,25.25
2/21/2022 16:12,Spin 4,Wash,67,82,9,3,40,4273,75.93680502,18,25.17,95254,,,,,,,,,,,,,,,,,,75.93680502,25.17
2/21/2022 16:12,Spin 4,Wash,67,82,9,3,40,4250,80.88054986,18,25.1,95263,,,,,,,,,,,,,,,,,,80.88054986,25.1
2/21/2022 16:13,Spin 4,Wash,67,82,9,3,40,4407,90.10587461,18,25.03,95262,,,,,,,,,,,,,,,,,,90.10587461,25.03
2/21/2022 16:13,Spin 4,Wash,67,82,9,3,40,5642,95.51499596,19,24.94,95249,,,,,,,,,,,,,,,,,,95.51499596,24.94
2/21/2022 16:14,Spin 4,Wash,67,82,9,3,40,4020,98.6467332,19,24.85,95251,,,,,,,,,,,,,,,,,,98.6467332,24.85
2/21/2022 16:14,Spin 4,Wash,67,82,9,3,40,4373,100.639491,19,24.79,95244,,,,,,,,,,,,,,,,,,100.639491,24.79
2/21/2022 16:15,Spin 4,Wash,67,82,9,3,40,4261,75.91154458,19,24.77,95250,,,,,,,,,,,,,,,,,,75.91154458,24.77
2/21/2022 16:15,Spin 4,Wash,67,82,9,3,40,4221,77.22224938,19,24.75,95245,,,,,,,,,,,,,,,,,,77.22224938,24.75
2/21/2022 16:16,Spin 4,Wash,67,82,9,3,40,4240,81.36202033,19,24.73,95255,,,,,,,,,,,,,,,,,,81.36202033,24.73
2/21/2022 16:16,Spin 4,Wash,67,82,9,3,40,4276,79.31838799,19,24.7,95258,,,,,,,,,,,,,,,,,,79.31838799,24.7
2/21/2022 16:17,Spin 4,Wash,67,82,9,3,40,4236,83.7278044,19,24.66,95244,,,,,,,,,,,,,,,,,,83.7278044,24.66
2/21/2022 16:17,Spin 4,Wash,67,82,9,3,40,4238,89.00991152,19,24.63,95239,,,,,,,,,,,,,,,,,,89.00991152,24.63
2/21/2022 16:18,Spin 4,Wash,67,82,9,3,40,4256,80.78463767,19,24.59,95233,,,,,,,,,,,,,,,,,,80.78463767,24.59
2/21/2022 16:18,Spin 4,Wash,67,82,9,3,40,4231,78.8612695,19,24.55,95249,,,,,,,,,,,,,,,,,,78.8612695,24.55
2/21/2022 16:19,Spin 4,Wash,67,82,9,3,40,4278,74.70340749,19,24.52,95230,,,,,,,,,,,,,,,,,,74.70340749,24.52
2/21/2022 16:19,Spin 4,Wash,67,82,9,3,40,4194,76.30699402,19,24.48,95237,,,,,,,,,,,,,,,,,,76.30699402,24.48
2/21/2022 16:20,Spin 4,Wash,67,82,9,3,40,4251,86.83093361,19,24.45,95235,,,,,,,,,,,,,,,,,,86.83093361,24.45
2/21/2022 16:20,Spin 4,Wash,67,82,9,3,40,4223,86.51523157,19,24.41,95231,,,,,,,,,,,,,,,,,,86.51523157,24.41
2/21/2022 16:21,Spin 4,Wash,67,82,9,3,40,5328,95.48917248,20,24.38,95234,,,,,,,,,,,,,,,,,,95.48917248,24.38
2/21/2022 16:21,Spin 4,Wash,67,82,9,3,40,7328,103.1911131,20,24.31,95245,,,,,,,,,,,,,,,,,,103.1911131,24.31
2/21/2022 16:22,Spin 4,Wash,67,82,9,3,40,12004,110.2697432,20,24.22,95231,,,,,,,,,,,,,,,,,,110.2697432,24.22
2/21/2022 16:22,Spin 4,Wash,67,82,9,3,40,8690,107.7901698,20,24.15,95236,,,,,,,,,,,,,,,,,,107.7901698,24.15
2/21/2022 16:23,Spin 4,Wash,67,82,9,3,40,10178,110.9209052,20,24.11,95234,,,,,,,,,,,,,,,,,,110.9209052,24.11
2/21/2022 16:23,Spin 4,Wash,67,82,9,3,40,8719,113.8076739,20,24.1,95233,,,,,,,,,,,,,,,,,,113.8076739,24.1
2/21/2022 16:24,Spin 4,Wash,67,82,9,3,40,8817,112.0975033,20,24.11,95241,,,,,,,,,,,,,,,,,,112.0975033,24.11
2/21/2022 16:24,Spin 4,Wash,67,82,9,3,40,10385,114.8662754,20,24.14,95245,,,,,,,,,,,,,,,,,,114.8662754,24.14
2/21/2022 16:25,Spin 4,Wash,67,82,9,3,40,11329,114.7317986,20,24.19,95240,,,,,,,,,,,,,,,,,,114.7317986,24.19
2/21/2022 16:25,Spin 4,Wash,67,82,9,3,40,9436,112.3189811,20,24.23,95234,,,,,,,,,,,,,,,,,,112.3189811,24.23
2/21/2022 16:26,Spin 4,Wash,67,82,9,3,40,11784,114.0271136,20,24.29,95240,,,,,,,,,,,,,,,,,,114.0271136,24.29
2/21/2022 16:26,Spin 4,Wash,67,82,9,3,40,11590,113.8301639,20,24.35,95233,,,,,,,,,,,,,,,,,,113.8301639,24.35
2/21/2022 16:27,Spin 4,Wash,67,82,9,3,40,9216,112.2518156,20,24.39,95242,,,,,,,,,,,,,,,,,,112.2518156,24.39
2/21/2022 16:27,Spin 4,Wash,67,82,9,3,40,12037,114.6317651,20,24.44,95240,,,,,,,,,,,,,,,,,,114.6317651,24.44
2/21/2022 16:28,Spin 4,Wash,67,82,9,3,40,8224,103.5967368,20,24.52,95232,,,,,,,,,,,,,,,,,,103.5967368,24.52
2/21/2022 16:28,Spin 4,Wash,67,82,9,3,40,4278,86.34037788,20,24.56,95239,,,,,,,,,,,,,,,,,,86.34037788,24.56
2/21/2022 16:29,Spin 4,Wash,67,82,9,3,40,4306,75.97729977,20,24.62,95230,,,,,,,,,,,,,,,,,,75.97729977,24.62
2/21/2022 16:29,Spin 4,Wash,67,82,9,3,40,4317,76.7510599,20,24.66,95229,,,,,,,,,,,,,,,,,,76.7510599,24.66
2/21/2022 16:30,Spin 4,Wash,67,82,9,3,40,4254,70.46921398,20,24.68,95230,,,,,,,,,,,,,,,,,,70.46921398,24.68
2/21/2022 16:30,Spin 4,Wash,67,82,9,3,40,4226,71.52454128,20,24.69,95232,,,,,,,,,,,,,,,,,,71.52454128,24.69
2/21/2022 16:31,Spin 4,Wash,67,82,9,3,40,4257,71.76915286,20,24.69,95243,,,,,,,,,,,,,,,,,,71.76915286,24.69
2/21/2022 16:31,Spin 4,Wash,67,82,9,3,40,4252,71.96433438,20,24.69,95234,,,,,,,,,,,,,,,,,,71.96433438,24.69
2/25/2022 14:56,Spin 5,Wash,81,90,9,8.5,40,4257,91.43306343,20,26.12,97004,,,,,,,,,,,,,,,,,,91.43306343,26.12
2/25/2022 14:56,Spin 5,Wash,81,90,9,8.5,40,4187,90.10348183,20,26.12,97000,,,,,,,,,,,,,,,,,,90.10348183,26.12
2/25/2022 14:57,Spin 5,Wash,81,90,9,8.5,40,4279,91.4072367,20,26.11,97005,,,,,,,,,,,,,,,,,,91.4072367,26.11
2/25/2022 14:57,Spin 5,Wash,81,90,9,8.5,40,4296,90.79828197,20,26.1,97006,,,,,,,,,,,,,,,,,,90.79828197,26.1
2/25/2022 14:58,Spin 5,Wash,81,90,9,8.5,40,4244,88.38697649,20,26.09,97011,,,,,,,,,,,,,,,,,,88.38697649,26.09
2/25/2022 14:58,Spin 5,Wash,81,90,9,8.5,40,4276,73.30562036,20,26.08,97005,,,,,,,,,,,,,,,,,,73.30562036,26.08
2/25/2022 14:59,Spin 5,Wash,81,90,9,8.5,40,4246,90.91733307,20,26.07,97013,,,,,,,,,,,,,,,,,,90.91733307,26.07
2/25/2022 14:59,Spin 5,Wash,81,90,9,8.5,40,4256,74.39212886,20,26.06,97008,,,,,,,,,,,,,,,,,,74.39212886,26.06
2/25/2022 15:00,Spin 5,Wash,81,90,9,8.5,40,4248,81.51756805,20,26.03,97001,,,,,,,,,,,,,,,,,,81.51756805,26.03
2/25/2022 15:00,Spin 5,Wash,81,90,9,8.5,40,4327,82.57667847,20,26.03,97002,,,,,,,,,,,,,,,,,,82.57667847,26.03
2/25/2022 15:01,Spin 5,Wash,81,90,9,8.5,40,4246,83.16316387,20,26.03,97001,,,,,,,,,,,,,,,,,,83.16316387,26.03
2/25/2022 15:01,Spin 5,Wash,81,90,9,8.5,40,4292,92.13435565,20,26.01,97003,,,,,,,,,,,,,,,,,,92.13435565,26.01
2/25/2022 15:02,Spin 5,Wash,81,90,9,8.5,40,4287,86.07918236,19,26,97006,,,,,,,,,,,,,,,,,,86.07918236,26
2/25/2022 15:02,Spin 5,Wash,81,90,9,8.5,40,4271,83.88039154,19,26.01,97012,,,,,,,,,,,,,,,,,,83.88039154,26.01
2/25/2022 15:03,Spin 5,Wash,81,90,9,8.5,40,4261,75.91154458,19,25.99,97005,,,,,,,,,,,,,,,,,,75.91154458,25.99
2/25/2022 15:03,Spin 5,Wash,81,90,9,8.5,40,4256,80.85335702,19,25.99,97005,,,,,,,,,,,,,,,,,,80.85335702,25.99
2/25/2022 15:04,Spin 5,Wash,81,90,9,8.5,40,4318,83.47895163,19,25.98,97005,,,,,,,,,,,,,,,,,,83.47895163,25.98
2/25/2022 15:04,Spin 5,Wash,81,90,9,8.5,40,4253,84.60527142,19,25.97,97008,,,,,,,,,,,,,,,,,,84.60527142,25.97
2/25/2022 15:05,Spin 5,Wash,81,90,9,8.5,40,4392,84.91813426,19,25.98,97001,,,,,,,,,,,,,,,,,,84.91813426,25.98
2/25/2022 15:05,Spin 5,Wash,81,90,9,8.5,40,4254,78.04141964,19,26,97007,,,,,,,,,,,,,,,,,,78.04141964,26
2/25/2022 15:06,Spin 5,Wash,81,90,9,8.5,40,4282,74.7217329,19,26,97003,,,,,,,,,,,,,,,,,,74.7217329,26
2/25/2022 15:06,Spin 5,Wash,81,90,9,8.5,40,4255,70.29084724,19,26.03,97007,,,,,,,,,,,,,,,,,,70.29084724,26.03
2/25/2022 15:07,Spin 5,Wash,81,90,9,8.5,40,4261,91.23749311,19,26.03,96995,,,,,,,,,,,,,,,,,,91.23749311,26.03
2/25/2022 15:07,Spin 5,Wash,81,90,9,8.5,40,4141,86.41875984,19,26.09,97004,,,,,,,,,,,,,,,,,,86.41875984,26.09
2/25/2022 15:08,Spin 5,Wash,81,90,9,8.5,40,4437,82.15984635,19,26.11,97000,,,,,,,,,,,,,,,,,,82.15984635,26.11
2/25/2022 15:08,Spin 5,Wash,81,90,9,8.5,40,4144,84.07527884,19,26.17,97001,,,,,,,,,,,,,,,,,,84.07527884,26.17
2/25/2022 15:09,Spin 5,Wash,81,90,9,8.5,40,4453,86.11039335,19,26.21,97000,,,,,,,,,,,,,,,,,,86.11039335,26.21
2/25/2022 15:09,Spin 5,Wash,81,90,9,8.5,40,4182,77.83674406,19,26.26,96998,,,,,,,,,,,,,,,,,,77.83674406,26.26
2/25/2022 15:10,Spin 5,Wash,81,90,9,8.5,40,4266,71.3922316,19,26.32,97000,,,,,,,,,,,,,,,,,,71.3922316,26.32
2/25/2022 15:10,Spin 5,Wash,81,90,9,8.5,40,4246,80.3876585,19,26.37,96995,,,,,,,,,,,,,,,,,,80.3876585,26.37
2/25/2022 15:11,Spin 5,Wash,81,90,9,8.5,40,4147,85.88157035,19,26.42,96998,,,,,,,,,,,,,,,,,,85.88157035,26.42
2/25/2022 15:11,Spin 5,Wash,81,90,9,8.5,40,4368,82.71773689,19,26.48,96996,,,,,,,,,,,,,,,,,,82.71773689,26.48
2/25/2022 15:12,Spin 5,Wash,81,90,9,8.5,40,4238,75.72682469,19,26.54,96996,,,,,,,,,,,,,,,,,,75.72682469,26.54
2/25/2022 15:12,Spin 5,Wash,81,90,9,8.5,40,4236,72.75982592,19,26.59,96998,,,,,,,,,,,,,,,,,,72.75982592,26.59
2/25/2022 15:13,Spin 5,Wash,81,90,9,8.5,40,4303,83.20731976,19,26.63,96994,,,,,,,,,,,,,,,,,,83.20731976,26.63
2/25/2022 15:13,Spin 5,Wash,81,90,9,8.5,40,4289,86.36138327,19,26.67,97000,,,,,,,,,,,,,,,,,,86.36138327,26.67
2/25/2022 15:14,Spin 5,Wash,81,90,9,8.5,40,4304,84.91019955,18,26.71,97002,,,,,,,,,,,,,,,,,,84.91019955,26.71
2/25/2022 15:14,Spin 5,Wash,81,90,9,8.5,40,4268,81.73610476,18,26.75,97005,,,,,,,,,,,,,,,,,,81.73610476,26.75
2/25/2022 15:15,Spin 5,Wash,81,90,9,8.5,40,4271,74.55500812,18,26.81,97006,,,,,,,,,,,,,,,,,,74.55500812,26.81
2/25/2022 15:15,Spin 5,Wash,81,90,9,8.5,40,4266,89.7232811,18,26.86,97009,,,,,,,,,,,,,,,,,,89.7232811,26.86
2/25/2022 15:16,Spin 5,Wash,81,90,9,8.5,40,4240,79.70980744,18,26.9,97006,,,,,,,,,,,,,,,,,,79.70980744,26.9
2/25/2022 15:16,Spin 5,Wash,81,90,9,8.5,40,4497,84.42471699,18,26.94,97007,,,,,,,,,,,,,,,,,,84.42471699,26.94
2/25/2022 15:17,Spin 5,Wash,81,90,9,8.5,40,4198,81.37157002,18,26.99,97005,,,,,,,,,,,,,,,,,,81.37157002,26.99
2/25/2022 15:17,Spin 5,Wash,81,90,9,8.5,40,4285,82.15731715,18,27.04,97012,,,,,,,,,,,,,,,,,,82.15731715,27.04
2/25/2022 15:18,Spin 5,Wash,81,90,9,8.5,40,4312,84.02452939,18,27.08,97008,,,,,,,,,,,,,,,,,,84.02452939,27.08
2/25/2022 15:18,Spin 5,Wash,81,90,9,8.5,40,4290,78.49127306,18,27.11,97008,,,,,,,,,,,,,,,,,,78.49127306,27.11
2/25/2022 15:19,Spin 5,Wash,81,90,9,8.5,40,4242,76.69062549,18,27.16,97004,,,,,,,,,,,,,,,,,,76.69062549,27.16
2/25/2022 15:19,Spin 5,Wash,81,90,9,8.5,40,4295,79.38029368,18,27.18,97001,,,,,,,,,,,,,,,,,,79.38029368,27.18
2/25/2022 15:20,Spin 5,Wash,81,90,9,8.5,40,4244,87.63156111,18,27.22,97004,,,,,,,,,,,,,,,,,,87.63156111,27.22
2/25/2022 15:20,Spin 5,Wash,81,90,9,8.5,40,4274,88.40107222,18,27.26,97006,,,,,,,,,,,,,,,,,,88.40107222,27.26
2/25/2022 15:21,Spin 5,Wash,81,90,9,8.5,40,4193,81.98841108,18,27.28,97007,,,,,,,,,,,,,,,,,,81.98841108,27.28
2/25/2022 15:21,Spin 5,Wash,81,90,9,8.5,40,4304,79.65592276,18,27.31,97003,,,,,,,,,,,,,,,,,,79.65592276,27.31
2/25/2022 15:22,Spin 5,Wash,81,90,9,8.5,40,4253,71.73503953,18,27.33,97009,,,,,,,,,,,,,,,,,,71.73503953,27.33
2/25/2022 15:22,Spin 5,Wash,81,90,9,8.5,40,4277,84.39280014,18,27.35,97010,,,,,,,,,,,,,,,,,,84.39280014,27.35
2/25/2022 15:23,Spin 5,Wash,81,90,9,8.5,40,4272,93.4343212,18,27.37,97006,,,,,,,,,,,,,,,,,,93.4343212,27.37
2/25/2022 15:23,Spin 5,Wash,81,90,9,8.5,40,4343,80.02338926,18,27.39,97004,,,,,,,,,,,,,,,,,,80.02338926,27.39
2/25/2022 15:24,Spin 5,Wash,81,90,9,8.5,40,4209,81.605787,18,27.42,97007,,,,,,,,,,,,,,,,,,81.605787,27.42
2/25/2022 15:24,Spin 5,Wash,81,90,9,8.5,40,4200,83.10016458,17,27.43,97009,,,,,,,,,,,,,,,,,,83.10016458,27.43
2/25/2022 15:25,Spin 5,Wash,81,90,9,8.5,40,4300,82.38288492,17,27.44,97017,,,,,,,,,,,,,,,,,,82.38288492,27.44
2/25/2022 15:25,Spin 5,Wash,81,90,9,8.5,40,4225,80.75012049,17,27.45,97012,,,,,,,,,,,,,,,,,,80.75012049,27.45
2/25/2022 15:26,Spin 5,Wash,81,90,9,8.5,40,4250,79.31316254,17,27.46,97014,,,,,,,,,,,,,,,,,,79.31316254,27.46
2/25/2022 15:26,Spin 5,Wash,81,90,9,8.5,40,4318,83.3081735,17,27.47,97015,,,,,,,,,,,,,,,,,,83.3081735,27.47
2/25/2022 15:27,Spin 5,Wash,81,90,9,8.5,40,4517,88.52765151,17,27.47,97010,,,,,,,,,,,,,,,,,,88.52765151,27.47
2/25/2022 15:27,Spin 5,Wash,81,90,9,8.5,40,4064,82.01419261,17,27.46,97012,,,,,,,,,,,,,,,,,,82.01419261,27.46
2/25/2022 15:28,Spin 5,Wash,81,90,9,8.5,40,4400,81.29740263,17,27.47,97015,,,,,,,,,,,,,,,,,,81.29740263,27.47
2/25/2022 15:28,Spin 5,Wash,81,90,9,8.5,40,4238,91.86449341,17,27.47,97014,,,,,,,,,,,,,,,,,,91.86449341,27.47
2/25/2022 15:29,Spin 5,Wash,81,90,9,8.5,40,4279,78.233523,17,27.45,97008,,,,,,,,,,,,,,,,,,78.233523,27.45
2/25/2022 15:29,Spin 5,Wash,81,90,9,8.5,40,4257,72.28324092,17,27.45,97017,,,,,,,,,,,,,,,,,,72.28324092,27.45
2/25/2022 15:30,Spin 5,Wash,81,90,9,8.5,40,4282,83.12836507,17,27.44,97017,,,,,,,,,,,,,,,,,,83.12836507,27.44
2/25/2022 15:30,Spin 5,Wash,81,90,9,8.5,40,4113,81.273661,17,27.45,97009,,,,,,,,,,,,,,,,,,81.273661,27.45
2/25/2022 15:31,Spin 5,Wash,81,90,9,8.5,40,4306,83.11063596,17,27.44,97015,,,,,,,,,,,,,,,,,,83.11063596,27.44
2/25/2022 15:31,Spin 5,Wash,81,90,9,8.5,40,4252,84.57586623,17,27.44,97013,,,,,,,,,,,,,,,,,,84.57586623,27.44
2/25/2022 15:32,Spin 5,Wash,81,90,9,8.5,40,4257,80.73130416,17,27.43,97012,,,,,,,,,,,,,,,,,,80.73130416,27.43
2/25/2022 15:32,Spin 5,Wash,81,90,9,8.5,40,4305,73.40731838,17,27.44,97012,,,,,,,,,,,,,,,,,,73.40731838,27.44
2/25/2022 15:33,Spin 5,Wash,81,90,9,8.5,40,4247,77.37913356,17,27.46,97017,,,,,,,,,,,,,,,,,,77.37913356,27.46
2/25/2022 15:33,Spin 5,Wash,81,90,9,8.5,40,4167,84.08774224,17,27.48,97016,,,,,,,,,,,,,,,,,,84.08774224,27.48
2/25/2022 15:34,Spin 5,Wash,81,90,9,8.5,40,4192,77.52374291,17,27.49,97020,,,,,,,,,,,,,,,,,,77.52374291,27.49
2/25/2022 15:34,Spin 5,Wash,81,90,9,8.5,40,4403,81.65576586,17,27.51,97013,,,,,,,,,,,,,,,,,,81.65576586,27.51
2/25/2022 15:35,Spin 5,Wash,81,90,9,8.5,40,4265,86.81081439,17,27.53,97019,,,,,,,,,,,,,,,,,,86.81081439,27.53
2/25/2022 15:35,Spin 5,Wash,81,90,9,8.5,40,4160,79.1930099,17,27.56,97017,,,,,,,,,,,,,,,,,,79.1930099,27.56
2/25/2022 15:36,Spin 5,Wash,81,90,9,8.5,40,4237,84.8211885,17,27.59,97020,,,,,,,,,,,,,,,,,,84.8211885,27.59
2/25/2022 15:36,Spin 5,Wash,81,90,9,8.5,40,4309,83.98404235,17,27.61,97012,,,,,,,,,,,,,,,,,,83.98404235,27.61
2/25/2022 15:37,Spin 5,Wash,81,90,9,8.5,40,4212,79.13070326,17,27.63,97016,,,,,,,,,,,,,,,,,,79.13070326,27.63
2/25/2022 15:37,Spin 5,Wash,81,90,9,8.5,40,4178,81.06321289,17,27.64,97018,,,,,,,,,,,,,,,,,,81.06321289,27.64
2/25/2022 15:38,Spin 5,Wash,81,90,9,8.5,40,4241,79.80364389,17,27.66,97015,,,,,,,,,,,,,,,,,,79.80364389,27.66
2/25/2022 15:38,Spin 5,Wash,81,90,9,8.5,40,4243,79.94525034,17,27.68,97014,,,,,,,,,,,,,,,,,,79.94525034,27.68
2/25/2022 15:39,Spin 5,Wash,81,90,9,8.5,40,4220,87.43051336,17,27.71,97014,,,,,,,,,,,,,,,,,,87.43051336,27.71
2/25/2022 15:39,Spin 5,Wash,81,90,9,8.5,40,4248,73.59957351,17,27.73,97009,,,,,,,,,,,,,,,,,,73.59957351,27.73
2/25/2022 15:40,Spin 5,Wash,81,90,9,8.5,40,4271,85.19530614,17,27.74,97007,,,,,,,,,,,,,,,,,,85.19530614,27.74
2/25/2022 15:40,Spin 5,Wash,81,90,9,8.5,40,4321,85.47888131,17,27.75,97009,,,,,,,,,,,,,,,,,,85.47888131,27.75
2/25/2022 15:41,Spin 5,Wash,81,90,9,8.5,40,4311,84.96915431,17,27.78,97005,,,,,,,,,,,,,,,,,,84.96915431,27.78
2/25/2022 15:41,Spin 5,Wash,81,90,9,8.5,40,4196,87.8489774,17,27.77,97005,,,,,,,,,,,,,,,,,,87.8489774,27.77
2/25/2022 15:42,Spin 5,Wash,81,90,9,8.5,40,4214,86.69618273,17,27.79,97013,,,,,,,,,,,,,,,,,,86.69618273,27.79
2/25/2022 15:42,Spin 5,Wash,81,90,9,8.5,40,4231,84.46931169,17,27.8,97011,,,,,,,,,,,,,,,,,,84.46931169,27.8
2/25/2022 15:43,Spin 5,Wash,81,90,9,8.5,40,4349,96.81505983,16,27.81,97010,,,,,,,,,,,,,,,,,,96.81505983,27.81
2/25/2022 15:43,Spin 5,Wash,81,90,9,8.5,40,5179,105.880133,16,27.76,97002,,,,,,,,,,,,,,,,,,105.880133,27.76
2/25/2022 15:44,Spin 5,Wash,81,90,9,8.5,40,8224,107.9057653,16,27.67,97011,,,,,,,,,,,,,,,,,,107.9057653,27.67
2/25/2022 15:44,Spin 5,Wash,81,90,9,8.5,40,5463,107.2872271,17,27.6,97010,,,,,,,,,,,,,,,,,,107.2872271,27.6
2/25/2022 15:45,Spin 5,Wash,81,90,9,8.5,40,4237,76.91778762,17,27.59,97011,,,,,,,,,,,,,,,,,,76.91778762,27.59
2/25/2022 15:45,Spin 5,Wash,81,90,9,8.5,40,4283,91.75456454,17,27.64,97007,,,,,,,,,,,,,,,,,,91.75456454,27.64
2/25/2022 15:46,Spin 5,Wash,81,90,9,8.5,40,4287,91.2550339,17,27.68,97009,,,,,,,,,,,,,,,,,,91.2550339,27.68
2/25/2022 15:46,Spin 5,Wash,81,90,9,8.5,40,4239,91.26810972,17,27.74,97011,,,,,,,,,,,,,,,,,,91.26810972,27.74
2/25/2022 15:47,Spin 5,Wash,81,90,9,8.5,40,4283,91.78033133,17,27.77,97011,,,,,,,,,,,,,,,,,,91.78033133,27.77
2/25/2022 15:47,Spin 5,Wash,81,90,9,8.5,40,4236,91.07427187,17,27.79,97012,,,,,,,,,,,,,,,,,,91.07427187,27.79
2/25/2022 15:48,Spin 5,Wash,81,90,9,8.5,40,4249,92.0177936,17,27.8,97010,,,,,,,,,,,,,,,,,,92.0177936,27.8
2/25/2022 15:48,Spin 5,Wash,81,90,9,8.5,40,4251,90.35756017,17,27.82,97012,,,,,,,,,,,,,,,,,,90.35756017,27.82
2/25/2022 15:49,Spin 5,Wash,81,90,9,8.5,40,4271,91.27579884,17,27.81,97014,,,,,,,,,,,,,,,,,,91.27579884,27.81
2/25/2022 15:49,Spin 5,Wash,81,90,9,8.5,40,4304,80.99623256,17,27.79,97017,,,,,,,,,,,,,,,,,,80.99623256,27.79
2/25/2022 15:50,Spin 5,Wash,81,90,9,8.5,40,4241,81.29101246,17,27.77,97009,,,,,,,,,,,,,,,,,,81.29101246,27.77
2/25/2022 15:50,Spin 5,Wash,81,90,9,8.5,40,4456,78.07536958,17,27.75,97009,,,,,,,,,,,,,,,,,,78.07536958,27.75
2/25/2022 15:51,Spin 5,Wash,81,90,9,8.5,40,4285,70.90495657,17,27.72,97013,,,,,,,,,,,,,,,,,,70.90495657,27.72
2/25/2022 15:51,Spin 5,Wash,81,90,9,8.5,40,4249,80.00334275,17,27.68,97015,,,,,,,,,,,,,,,,,,80.00334275,27.68
2/25/2022 15:52,Spin 5,Wash,81,90,9,8.5,40,4288,77.05952772,17,27.64,97019,,,,,,,,,,,,,,,,,,77.05952772,27.64
2/25/2022 15:52,Spin 5,Wash,81,90,9,8.5,40,4191,77.42843962,17,27.6,97014,,,,,,,,,,,,,,,,,,77.42843962,27.6
2/25/2022 15:53,Spin 5,Wash,81,90,9,8.5,40,4397,91.6604542,17,27.57,97019,,,,,,,,,,,,,,,,,,91.6604542,27.57
2/25/2022 15:53,Spin 5,Wash,81,90,9,8.5,40,4262,89.25418223,17,27.52,97017,,,,,,,,,,,,,,,,,,89.25418223,27.52
2/25/2022 15:54,Spin 5,Wash,81,90,9,8.5,40,4266,76.41102292,17,27.49,97015,,,,,,,,,,,,,,,,,,76.41102292,27.49
2/25/2022 15:54,Spin 5,Wash,81,90,9,8.5,40,4269,71.06771429,17,27.43,97009,,,,,,,,,,,,,,,,,,71.06771429,27.43
2/25/2022 15:55,Spin 5,Wash,81,90,9,8.5,40,4318,87.47629149,17,27.4,97012,,,,,,,,,,,,,,,,,,87.47629149,27.4
2/25/2022 15:55,Spin 5,Wash,81,90,9,8.5,40,4259,79.26921927,17,27.36,97015,,,,,,,,,,,,,,,,,,79.26921927,27.36
2/25/2022 15:56,Spin 5,Wash,81,90,9,8.5,40,4269,86.94418426,17,27.32,97017,,,,,,,,,,,,,,,,,,86.94418426,27.32
2/25/2022 15:56,Spin 5,Wash,81,90,9,8.5,40,4612,88.91094175,17,27.28,97011,,,,,,,,,,,,,,,,,,88.91094175,27.28
2/25/2022 15:57,Spin 5,Wash,81,90,9,8.5,40,4353,87.12256642,17,27.24,97014,,,,,,,,,,,,,,,,,,87.12256642,27.24
2/25/2022 15:57,Spin 5,Wash,81,90,9,8.5,40,4213,101.386963,17,27.2,97016,,,,,,,,,,,,,,,,,,101.386963,27.2
2/25/2022 15:58,Spin 5,Wash,81,90,9,8.5,40,3656,101.7840493,17,27.13,97012,,,,,,,,,,,,,,,,,,101.7840493,27.13
2/25/2022 15:58,Spin 5,Wash,81,90,9,8.5,40,7243,104.165994,17,27.05,97012,,,,,,,,,,,,,,,,,,104.165994,27.05
2/25/2022 15:59,Spin 5,Wash,81,90,9,8.5,40,2032,113.3380676,17,27.01,97016,,,,,,,,,,,,,,,,,,113.3380676,27.01
2/25/2022 15:59,Spin 5,Wash,81,90,9,8.5,40,5286,97.40247254,17,26.98,97013,,,,,,,,,,,,,,,,,,97.40247254,26.98
2/25/2022 16:00,Spin 5,Wash,81,90,9,8.5,40,4274,82.7259324,17,26.99,97016,,,,,,,,,,,,,,,,,,82.7259324,26.99
2/25/2022 16:00,Spin 5,Wash,81,90,9,8.5,40,4274,89.45602686,17,27,97015,,,,,,,,,,,,,,,,,,89.45602686,27
2/25/2022 16:01,Spin 5,Wash,81,90,9,8.5,40,4258,75.86630071,17,26.99,97020,,,,,,,,,,,,,,,,,,75.86630071,26.99
2/25/2022 16:01,Spin 5,Wash,81,90,9,8.5,40,4274,89.35883313,17,26.98,97013,,,,,,,,,,,,,,,,,,89.35883313,26.98
2/25/2022 16:02,Spin 5,Wash,81,90,9,8.5,40,4270,89.61789536,17,26.96,97015,,,,,,,,,,,,,,,,,,89.61789536,26.96
2/25/2022 16:02,Spin 5,Wash,81,90,9,8.5,40,4253,90.07640396,17,26.94,97022,,,,,,,,,,,,,,,,,,90.07640396,26.94
2/25/2022 16:03,Spin 5,Wash,81,90,9,8.5,40,4219,89.5293034,17,26.93,97022,,,,,,,,,,,,,,,,,,89.5293034,26.93
2/25/2022 16:03,Spin 5,Wash,81,90,9,8.5,40,4301,91.21369601,17,26.91,97026,,,,,,,,,,,,,,,,,,91.21369601,26.91
2/25/2022 16:04,Spin 5,Wash,81,90,9,8.5,40,4295,89.76458232,17,26.88,97017,,,,,,,,,,,,,,,,,,89.76458232,26.88
2/25/2022 16:04,Spin 5,Wash,81,90,9,8.5,40,4267,89.47883009,17,26.86,97011,,,,,,,,,,,,,,,,,,89.47883009,26.86
2/25/2022 16:05,Spin 5,Wash,81,90,9,8.5,40,4235,90.91198191,17,26.83,97019,,,,,,,,,,,,,,,,,,90.91198191,26.83
2/25/2022 16:05,Spin 5,Wash,81,90,9,8.5,40,4275,76.30398528,17,26.8,97014,,,,,,,,,,,,,,,,,,76.30398528,26.8
2/25/2022 16:06,Spin 5,Wash,81,90,9,8.5,40,4306,80.07234621,17,26.76,97018,,,,,,,,,,,,,,,,,,80.07234621,26.76
2/25/2022 16:06,Spin 5,Wash,81,90,9,8.5,40,4235,80.50799859,17,26.73,97012,,,,,,,,,,,,,,,,,,80.50799859,26.73
2/25/2022 16:07,Spin 5,Wash,81,90,9,8.5,40,4255,85.18632969,17,26.69,97009,,,,,,,,,,,,,,,,,,85.18632969,26.69
2/25/2022 16:07,Spin 5,Wash,81,90,9,8.5,40,4230,85.76516872,17,26.66,97014,,,,,,,,,,,,,,,,,,85.76516872,26.66
2/25/2022 16:08,Spin 5,Wash,81,90,9,8.5,40,4305,82.37178658,17,26.62,97008,,,,,,,,,,,,,,,,,,82.37178658,26.62
2/25/2022 16:08,Spin 5,Wash,81,90,9,8.5,40,4269,79.44532891,17,26.59,97011,,,,,,,,,,,,,,,,,,79.44532891,26.59
2/25/2022 16:09,Spin 5,Wash,81,90,9,8.5,40,4253,73.15702687,17,26.56,97010,,,,,,,,,,,,,,,,,,73.15702687,26.56
2/25/2022 16:09,Spin 5,Wash,81,90,9,8.5,40,4268,74.63150909,17,26.53,97015,,,,,,,,,,,,,,,,,,74.63150909,26.53
2/25/2022 16:10,Spin 5,Wash,81,90,9,8.5,40,4220,75.94979269,17,26.48,97012,,,,,,,,,,,,,,,,,,75.94979269,26.48
2/25/2022 16:10,Spin 5,Wash,81,90,9,8.5,40,4154,88.15060057,17,26.44,97016,,,,,,,,,,,,,,,,,,88.15060057,26.44
2/25/2022 16:11,Spin 5,Wash,81,90,9,8.5,40,4105,78.54066914,17,26.42,97017,,,,,,,,,,,,,,,,,,78.54066914,26.42
2/25/2022 16:11,Spin 5,Wash,81,90,9,8.5,40,4242,79.51082974,17,26.4,97016,,,,,,,,,,,,,,,,,,79.51082974,26.4
2/25/2022 16:12,Spin 5,Wash,81,90,9,8.5,40,4219,75.61267103,17,26.36,97009,,,,,,,,,,,,,,,,,,75.61267103,26.36
2/25/2022 16:12,Spin 5,Wash,81,90,9,8.5,40,4261,70.21557665,18,26.34,97014,,,,,,,,,,,,,,,,,,70.21557665,26.34
2/25/2022 16:13,Spin 5,Wash,81,90,9,8.5,40,4266,72.28894242,18,26.32,97014,,,,,,,,,,,,,,,,,,72.28894242,26.32
2/25/2022 16:13,Spin 5,Wash,81,90,9,8.5,40,4248,77.70340806,18,26.28,97018,,,,,,,,,,,,,,,,,,77.70340806,26.28
2/25/2022 16:14,Spin 5,Wash,81,90,9,8.5,40,4300,81.79160278,18,26.28,97020,,,,,,,,,,,,,,,,,,81.79160278,26.28
2/25/2022 16:14,Spin 5,Wash,81,90,9,8.5,40,4248,73.15543396,18,26.25,97024,,,,,,,,,,,,,,,,,,73.15543396,26.25
2/25/2022 16:15,Spin 5,Wash,81,90,9,8.5,40,4243,85.24386074,18,26.23,97021,,,,,,,,,,,,,,,,,,85.24386074,26.23
2/25/2022 16:15,Spin 5,Wash,81,90,9,8.5,40,4143,86.16715707,18,26.22,97020,,,,,,,,,,,,,,,,,,86.16715707,26.22
2/25/2022 16:16,Spin 5,Wash,81,90,9,8.5,40,4296,90.19539811,18,26.2,97016,,,,,,,,,,,,,,,,,,90.19539811,26.2
2/25/2022 16:16,Spin 5,Wash,81,90,9,8.5,40,4258,85.28762368,18,26.19,97020,,,,,,,,,,,,,,,,,,85.28762368,26.19
2/25/2022 16:17,Spin 5,Wash,81,90,9,8.5,40,4280,83.36868082,18,26.17,97020,,,,,,,,,,,,,,,,,,83.36868082,26.17
2/25/2022 16:17,Spin 5,Wash,81,90,9,8.5,40,4256,84.31159869,18,26.16,97032,,,,,,,,,,,,,,,,,,84.31159869,26.16
2/25/2022 16:18,Spin 5,Wash,81,90,9,8.5,40,4259,87.2616519,18,26.14,97026,,,,,,,,,,,,,,,,,,87.2616519,26.14
2/25/2022 16:18,Spin 5,Wash,81,90,9,8.5,40,4124,83.86024209,18,26.12,97024,,,,,,,,,,,,,,,,,,83.86024209,26.12
2/25/2022 16:19,Spin 5,Wash,81,90,9,8.5,40,4359,86.24862291,18,26.11,97029,,,,,,,,,,,,,,,,,,86.24862291,26.11
2/25/2022 16:19,Spin 5,Wash,81,90,9,8.5,40,4409,86.73047227,18,26.09,97025,,,,,,,,,,,,,,,,,,86.73047227,26.09
2/25/2022 16:20,Spin 5,Wash,81,90,9,8.5,40,4254,86.29739546,18,26.08,97027,,,,,,,,,,,,,,,,,,86.29739546,26.08
2/25/2022 16:20,Spin 5,Wash,81,90,9,8.5,40,4234,87.47812927,18,26.07,97030,,,,,,,,,,,,,,,,,,87.47812927,26.07
2/25/2022 16:21,Spin 5,Wash,81,90,9,8.5,40,4275,86.78238885,18,26.05,97026,,,,,,,,,,,,,,,,,,86.78238885,26.05
2/25/2022 16:21,Spin 5,Wash,81,90,9,8.5,40,4245,86.10484343,18,26.04,97026,,,,,,,,,,,,,,,,,,86.10484343,26.04
2/25/2022 16:22,Spin 5,Wash,81,90,9,8.5,40,4267,86.03350669,18,26.02,97026,,,,,,,,,,,,,,,,,,86.03350669,26.02
2/25/2022 16:22,Spin 5,Wash,81,90,9,8.5,40,4087,103.0184464,18,25.99,97025,,,,,,,,,,,,,,,,,,103.0184464,25.99
2/25/2022 16:23,Spin 5,Wash,81,90,9,8.5,40,7073,105.6391875,18,25.93,97028,,,,,,,,,,,,,,,,,,105.6391875,25.93
2/25/2022 16:23,Spin 5,Wash,81,90,9,8.5,40,4366,90.11956116,19,25.84,97028,,,,,,,,,,,,,,,,,,90.11956116,25.84
2/25/2022 16:24,Spin 5,Wash,81,90,9,8.5,40,4241,73.13538381,18,25.83,97030,,,,,,,,,,,,,,,,,,73.13538381,25.83
